analysis_date_time,dirPath,solidity[U],arc_solidity[u],separated_delay[us],faced_delay[us],regament_max_delay[us],max_regament_length[pix],main_average_velocity[pix/us],main_average_velocity[m/s],main_velocity_stddiv[pix/us],main_angle[degrees],satellite_average_velocity[pix/us],satellite_average_velocity[m/s],satellite_velocity_stddiv[pix/us],satellite_angle[degrees],main-satellite_angle_diff[degrees],main_linearity_error[pix],satellite_linearity_error[pix],most_freq_Y[pix],CODE_VER,main_velocity_is_too_fast,main_velocity_is_too_slow,nozzle_is_needed_to_clean,suspicious_visco-elasticity,angle-diff_is_too_large,THRESH_VALUES_VER,num_contours_at_first,abnormal_ejaction,condition,camera_resolution,API_VER,max_regament_delay[us],CONTOUR_CODE_VER,AUTO_TRACKING_CODE_VER,flag_droplet_faced,flag_droplet_separated,camera_resolution[um/pix],file_name,anormaly_ejections_at_first_image,nozzle_needs_to_be_clean,exotic-droplet_exists,layered_main_0_ave[pix/us],layered_main_0_stdiv[pix/us],layered_sat_0_ave[pix/us],layered_main_1_ave[pix/us],layered_main_1_stdiv[pix/us],layered_sat_1_ave[pix/us],layered_main_2_ave[pix/us],layered_main_2_stdiv[pix/us],layered_sat_2_ave[pix/us],layered_main_3_ave[pix/us],layered_main_3_stdiv[pix/us],layered_sat_3_ave[pix/us],layered_main_4_ave[pix/us],layered_main_4_stdiv[pix/us],layered_sat_4_ave[pix/us],RESERVED0,RESERVED1,RESERVED2,RESERVED3,RESERVED4
2.02E+13,test1,1.015369837,0.987753454,274.0,176.3,275.0018182,370.7,2.294791611,7.343333155,0.8287733979999999,2.5619507809999997,1.299238792,4.157564133999999,0.5576244220000001,1.780652741,0.78129804,1.3963031540000002,9.756434776,10.0,0.1.0,False,False,False,False,False,0.1.1,,,,,,,,,,,,,,,,,,,,,,,,,,,,,,,,,,,
2.02E+13,test1,1.015369837,0.987753454,274.0,176.3,275.0018182,370.7,2.294791611,7.343333155,0.8287733979999999,2.5619507809999997,1.299238792,4.157564133999999,0.5576244220000001,1.780652741,0.78129804,1.3963031540000002,9.756434776,10.0,0.1.0,False,False,False,False,False,0.1.1,,,,,,,,,,,,,,,,,,,,,,,,,,,,,,,,,,,
2.02E+13,test3,1.013787444,0.9836935640000001,278.1,163.1,243.08691859999996,296.7,1.7378192319999999,5.561021544,0.8713917859999999,0.897683894,1.348160725,4.314114319,0.58167013,0.624882102,0.272801792,1.7252162640000002,5.194612888,10.0,0.1.0,False,False,False,False,False,0.1.1,,,,,,,,,,,,,,,,,,,,,,,,,,,,,,,,,,,
2.02E+13,test4,1.023794505,0.988818757,387.0,157.2,574.0,387.0,2.483933016,7.948585651,2.32731761,0.002538534,2.1712816459999997,6.948101266,0.33061717399999996,0.0,0.002538534,1.51856412,0.0,11.0,0.1.0,False,False,True,True,False,0.1.1,,,,,,,,,,,,,,,,,,,,,,,,,,,,,,,,,,,
2.02E+13,test4,1.023794505,0.988818757,387.0,157.2,574.0,387.0,2.483933016,7.948585651,2.32731761,0.002538534,2.1712816459999997,6.948101266,0.33061717399999996,0.0,0.002538534,1.51856412,0.0,11.0,0.1.0,False,False,True,True,False,0.1.1,,,,,,,,,,,,,,,,,,,,,,,,,,,,,,,,,,,
2.02E+13,test4,1.023794505,0.988818757,387.0,157.2,574.0,387.0,2.483933016,7.948585651,2.32731761,0.002538534,2.1712816459999997,6.948101266,0.33061717399999996,0.0,0.002538534,1.51856412,0.0,11.0,0.1.0,False,False,True,True,False,0.1.1,,,,,,,,,,,,,,,,,,,,,,,,,,,,,,,,,,,
2020-10-15_18:26:44,test4,1.023794505,0.988818757,387.0,157.2,574.0,387.0,2.483933016,7.948585651,2.32731761,0.002538534,2.1712816459999997,6.948101266,0.33061717399999996,0.0,0.002538534,1.51856412,0.0,11.0,0.1.0,False,False,True,True,False,0.1.1,,,,,,,,,,,,,,,,,,,,,,,,,,,,,,,,,,,
2020-10-15_18:36:12,test2,1.054794521,0.9590585290000001,367.3,167.2,559.0807187,382.8,2.548874552,8.156398568,2.434747516,2.601387068,1.608640377,5.147649208,0.886178358,0.078748899,2.522638169,1.682414199,4.396917868,48.0,0.1.0,False,False,True,True,True,0.1.1,,,,,,,,,,,,,,,,,,,,,,,,,,,,,,,,,,,
2020-10-15_18:36:22,test3,1.013787444,0.9836935640000001,278.1,163.1,243.08691859999996,296.7,1.7378192319999999,5.561021544,0.8713917859999999,0.897683894,1.348160725,4.314114319,0.58167013,0.624882102,0.272801792,1.7252162640000002,5.194612888,10.0,0.1.0,False,False,False,False,False,0.1.1,,,,,,,,,,,,,,,,,,,,,,,,,,,,,,,,,,,
2020-10-15_18:36:27,test4,1.023794505,0.988818757,387.0,157.2,574.0,387.0,2.483933016,7.948585651,2.32731761,0.002538534,2.1712816459999997,6.948101266,0.33061717399999996,0.0,0.002538534,1.51856412,0.0,11.0,0.1.0,False,False,True,True,False,0.1.1,,,,,,,,,,,,,,,,,,,,,,,,,,,,,,,,,,,
2020-10-16_08:53:22,test2,1.054794521,0.9590585290000001,367.3,167.2,559.0807187,382.8,2.548874552,8.156398568,2.434747516,2.601387068,1.608640377,5.147649208,0.886178358,0.078748899,2.522638169,1.682414199,4.396917868,48.0,0.1.0,False,False,True,True,True,0.1.1,,,,,,,,,,,,,,,,,,,,,,,,,,,,,,,,,,,
2020-10-16_09:09:59,test2,1.054794521,0.9590585290000001,367.3,167.2,559.0807187,382.8,2.548874552,8.156398568,2.434747516,2.601387068,1.608640377,5.147649208,0.886178358,0.078748899,2.522638169,1.682414199,4.396917868,48.0,0.1.0,False,False,True,True,True,0.1.1,,,,,,,,,,,,,,,,,,,,,,,,,,,,,,,,,,,
2020-10-16_09:55:24,test4,1.023794505,0.988818757,387.0,157.2,574.0,387.0,2.483933016,7.948585651,2.32731761,0.002538534,2.1712816459999997,6.948101266,0.33061717399999996,0.0,0.002538534,1.51856412,0.0,11.0,0.1.0,False,False,True,True,False,0.1.1,1.0,False,,,,,,,,,,,,,,,,,,,,,,,,,,,,,,,,,
2020-10-16_09:56:26,test4,1.0237945051864312,0.988818756978694,387.0,157.2,574.0,387.0,2.4839330158059973,7.948585650579193,2.3273176104282403,0.002538533989252861,2.17128164556962,6.948101265822783,0.3306171737984557,0.0,0.002538533989252861,1.5185641202760678,0.0,11.0,0.1.1,False,False,True,True,False,0.1.1,1.0,False,,,,,,,,,,,,,,,,,,,,,,,,,,,,,,,,,
2020-10-16_11:39:07,test2,1.0547945205479452,0.9590585285473708,367.3,167.2,559.0807186802276,382.8,2.548874552486789,8.156398567957725,2.4347475156247715,2.6013870680909945,1.6086403773809832,5.147649207619147,0.8861783579377378,0.07874889886499609,2.5226381692259983,1.682414199138492,4.396917867527236,48.0,0.1.1,False,False,True,True,True,0.1.1,1.0,False,,,,,,,,,,,,,,,,,,,,,,,,,,,,,,,,,
2020-10-16_12:14:02,uploads/20201016_121401_test4/test4,1.0237945051864312,0.988818756978694,387.0,157.2,574.0,387.0,2.4839330158059973,7.948585650579193,2.3273176104282403,0.002538533989252861,2.17128164556962,6.948101265822783,0.3306171737984557,0.0,0.002538533989252861,1.5185641202760678,0.0,11.0,0.1.1,False,False,True,True,False,0.1.1,1.0,False,,,,,,,,,,,,,,,,,,,,,,,,,,,,,,,,,
2020-10-16_12:17:23,uploads/20201016_121722_test4/test4,1.0237945051864312,0.988818756978694,387.0,157.2,574.0,387.0,2.4839330158059973,7.948585650579193,2.3273176104282403,0.002538533989252861,2.17128164556962,6.948101265822783,0.3306171737984557,0.0,0.002538533989252861,1.5185641202760678,0.0,11.0,0.1.1,False,False,True,True,False,0.1.1,1.0,False,,,,,,,,,,,,,,,,,,,,,,,,,,,,,,,,,
,,,,,,,,,,,,,,,,,,,,,,,,,,,,,get_feature_params was failure.,,,,,,,,,,,,,,,,,,,,,,,,,,,,,,,,
,,,,,,,,,,,,,,,,,,,,,,,,,,,,,get_feature_params was failure.,,,,,,,,,,,,,,,,,,,,,,,,,,,,,,,,
2020-10-16_12:25:37,uploads/20201016_122535_alternalia/alternalia,1.03129203539823,0.9751678516751164,259.4,163.7,252.0,307.8,1.9770917557965937,6.3266936185491005,0.8845989994496875,2.323209815425067,1.4820600023236086,4.742592007435547,0.6914897034060684,2.1149570943397604,0.20825272108530649,2.677740263732261,4.145553639900868,19.0,0.1.1,False,False,True,False,False,0.1.1,1.0,False,,,,,,,,,,,,,,,,,,,,,,,,,,,,,,,,,
2020-10-16_12:57:21,uploads/20201016_125720_test4/test4,1.0237945051864312,0.988818756978694,387.0,157.2,574.0,387.0,2.4839330158059973,7.948585650579193,2.3273176104282403,0.002538533989252861,2.17128164556962,6.948101265822783,0.3306171737984557,0.0,0.002538533989252861,1.5185641202760678,0.0,11.0,0.1.1,False,False,True,True,False,0.1.1,1.0,False,,,,,,,,,,,,,,,,,,,,,,,,,,,,,,,,,
2020-10-16_12:58:19,uploads/20201016_125817_test4/test4,1.0237945051864312,0.988818756978694,387.0,157.2,574.0,387.0,2.4839330158059973,7.948585650579193,2.3273176104282403,0.002538533989252861,2.17128164556962,6.948101265822783,0.3306171737984557,0.0,0.002538533989252861,1.5185641202760678,0.0,11.0,0.1.1,False,False,True,True,False,0.1.1,1.0,False,,,,,,,,,,,,,,,,,,,,,,,,,,,,,,,,,
2020-10-16_13:05:38,uploads/20201016_130537_alternalia/alternalia,1.03129203539823,0.9751678516751164,259.4,163.7,252.0,307.8,1.9770917557965937,6.3266936185491005,0.8845989994496875,2.323209815425067,1.4820600023236086,4.742592007435547,0.6914897034060684,2.1149570943397604,0.20825272108530649,2.677740263732261,4.145553639900868,19.0,0.1.1,False,False,True,False,False,0.1.1,1.0,False,,,,,,,,,,,,,,,,,,,,,,,,,,,,,,,,,
,,,,,,,,,,,,,,,,,,,,,,,,,,,,,get_feature_params was failure.,,,,,,,,,,,,,,,,,,,,,,,,,,,,,,,,
2020-10-16_13:36:39,uploads/20201016_133638_alternalia/alternalia,1.03129203539823,0.9751678516751164,259.4,163.7,252.0,307.8,1.9770917557965937,6.3266936185491005,0.8845989994496875,2.323209815425067,1.4820600023236086,4.742592007435547,0.6914897034060684,2.1149570943397604,0.20825272108530649,2.677740263732261,4.145553639900868,19.0,0.1.1,False,False,True,False,False,0.1.1,1.0,False,,,,,,,,,,,,,,,,,,,,,,,,,,,,,,,,,
2020-10-16_13:41:16,test2,1.0547945205479452,0.9590585285473708,367.3,167.2,559.0807186802276,382.8,2.548874552486789,8.156398567957725,2.4347475156247715,2.6013870680909945,1.6086403773809832,5.147649207619147,0.8861783579377378,0.07874889886499609,2.5226381692259983,1.682414199138492,4.396917867527236,48.0,0.1.1,False,False,True,True,True,0.1.1,1.0,False,,,,,,,,,,,,,,,,,,,,,,,,,,,,,,,,,
2020-10-16_13:47:42,uploads/20201016_134741_alternalia/alternalia,1.03129203539823,0.9751678516751164,259.4,163.7,252.0,307.8,1.9770917557965937,6.3266936185491005,0.8845989994496875,2.323209815425067,1.4820600023236086,4.742592007435547,0.6914897034060684,2.1149570943397604,0.20825272108530649,2.677740263732261,4.145553639900868,19.0,0.1.2,False,False,True,False,False,0.1.1,1.0,False,,,,,,,,,,,,,,,,,,,,,,,,,,,,,,,,,
,,,,,,,,,,,,,,,,,,,,,,,,,,,,,contour selection was failure.,,,,,,,,,,,,,,,,,,,,,,,,,,,,,,,,
2020-10-16_14:13:53,test3,1.0137874435781702,0.9836935643636388,278.1,163.1,243.08691861142998,296.7,1.7378192324396555,5.561021543806898,0.8713917862015161,0.8976838943181545,1.3481607246012388,4.314114318723965,0.5816701297385751,0.6248821018392708,0.2728017924788837,1.7252162639548487,5.194612888493936,10.0,0.1.2,False,False,False,False,False,0.1.1,1.0,False,,,,,,,,,,,,,,,,,,,,,,,,,,,,,,,,,
2020-10-16_14:18:11,uploads/20201016_141810_alternalia/alternalia,1.03129203539823,0.9751678516751164,259.4,163.7,252.0,307.8,1.9770917557965937,6.3266936185491005,0.8845989994496875,2.323209815425067,1.4820600023236086,4.742592007435547,0.6914897034060684,2.1149570943397604,0.20825272108530649,2.677740263732261,4.145553639900868,19.0,0.1.2,False,False,True,False,False,0.1.1,1.0,False,,,,,,,,,,,,,,,,,,,,,,,,,,,,,,,,,
,,,,,,,,,,,,,,,,,,,,,,,,,,,,,contour selection was failure.,,,,,,,,,,,,,,,,,,,,,,,,,,,,,,,,
2020-10-16_14:19:29,uploads/20201016_141928_alternalia/alternalia,1.03129203539823,0.9751678516751164,259.4,163.7,252.0,307.8,1.9770917557965937,6.3266936185491005,0.8845989994496875,2.323209815425067,1.4820600023236086,4.742592007435547,0.6914897034060684,2.1149570943397604,0.20825272108530649,2.677740263732261,4.145553639900868,19.0,0.1.2,False,False,True,False,False,0.1.1,1.0,False,,,,,,,,,,,,,,,,,,,,,,,,,,,,,,,,,
2020-10-16_14:19:49,uploads/20201016_141947_alternalia/alternalia,1.03129203539823,0.9751678516751164,259.4,163.7,252.0,307.8,1.9770917557965937,6.3266936185491005,0.8845989994496875,2.323209815425067,1.4820600023236086,4.742592007435547,0.6914897034060684,2.1149570943397604,0.20825272108530649,2.677740263732261,4.145553639900868,19.0,0.1.2,False,False,True,False,False,0.1.1,1.0,False,,,,,,,,,,,,,,,,,,,,,,,,,,,,,,,,,
2020-10-16_15:15:20,test2,1.0547945205479452,0.9590585285473708,367.3,167.2,559.0807186802276,382.8,2.548874552486789,8.156398567957725,2.4347475156247715,2.6013870680909945,1.6086403773809832,5.147649207619147,0.8861783579377378,0.07874889886499609,2.5226381692259983,1.682414199138492,4.396917867527236,48.0,0.1.2,False,False,True,True,True,0.1.1,1.0,False,,,,,,,,,,,,,,,,,,,,,,,,,,,,,,,,,
2020-10-16_15:16:31,uploads/20201016_151629_T1356_20200625135440/T1356_吐出画像20200625135440,1.0153034300791557,0.9713771612634472,313.1,172.9,308.00040584388853,313.1,1.6238631168032374,5.19636197377036,1.3595568781343044,3.1113934807208783,1.8866046864474602,6.037134996631873,0.32679093945419474,2.8805058835589405,0.2308875971619377,3.2250964383972303,3.254393634339664,36.0,0.1.2,False,False,False,False,False,0.1.1,1.0,False,,,,,,,,,,,,,,,,,,,,,,,,,,,,,,,,,
2020-10-16_15:19:42,uploads/20201016_151940_E1657_20201016134747/E1657_吐出画像20201016134747,1.0465711770824997,0.9838106315569676,269.7,180.7,240.08800469827725,304.0,1.9664254328216328,6.2925613850292255,1.1538677748658597,0.6387848738095223,1.0291507959752828,3.293282547120905,0.3049311989571937,-0.5789853141066692,1.2177701879161915,2.548039953865839,3.5751182917273923,9.0,0.1.2,False,False,True,False,False,0.1.1,1.0,False,,,,,,,,,,,,,,,,,,,,,,,,,,,,,,,,,
2020-10-16_15:20:20,uploads/20201016_152019_E1657_20201016140736/E1657_吐出画像20201016140736,1.0134934339986346,0.9869093620361772,269.0,180.7,239.10248848558643,303.6,1.9627602829039992,6.280832905292798,1.1593588289131669,0.5751591852881209,1.0221414117717411,3.2708525176695726,0.30903123287841155,-0.8203451765644953,1.3955043618526162,2.0663954399492748,2.751963663736888,8.0,0.1.2,False,False,False,False,False,0.1.1,1.0,False,,,,,,,,,,,,,,,,,,,,,,,,,,,,,,,,,
2020-10-16_15:23:02,uploads/20201016_152301_E1657_20201014105124/E1657_吐出画像20201014105124,1.013722868826675,0.9887948291289116,267.4,170.7,225.0355527466716,267.4,1.8936632917913008,6.059722533732161,0.4470354454564481,1.3847492217948678,1.449232943375728,4.63754541880233,0.5041305050182333,0.9634017138832702,0.4213475079115976,1.7010210610000345,1.9192850250403524,8.0,0.1.2,False,False,False,False,False,0.1.1,1.0,False,,,,,,,,,,,,,,,,,,,,,,,,,,,,,,,,,
,,,,,,,,,,,,,,,,,,,,,,,,,,,,,contour selection was failure.,,,,,,,,,,,,,,,,,,,,,,,,,,,,,,,,
,,,,,,,,,,,,,,,,,,,,,,,,,,,,,contour selection was failure.,,,,,,,,,,,,,,,,,,,,,,,,,,,,,,,,
,,,,,,,,,,,,,,,,,,,,,,,,,,,,,contour selection was failure.,,,,,,,,,,,,,,,,,,,,,,,,,,,,,,,,
2020-10-16_15:43:30,uploads/20201016_154330_E1657_20201014105124/E1657_吐出画像20201014105124,2.9818863210493443,0.7857138337031553,0.0,0.0,,,,,,,,,,,,,,14.0,0.1.2,False,False,True,False,False,0.1.1,95.0,True,,,,,,,,,,,,,,,,,,,,,,,,,,,,,,,,,
2020-10-16_15:44:35,uploads/20201016_154434_SMZ_test/SMZ_test,1.6500225259047905,0.8330284254606676,0.0,0.0,,,,,,,,,,,,,,6.0,0.1.2,False,False,True,False,False,0.1.1,82.0,True,,,,,,,,,,,,,,,,,,,,,,,,,,,,,,,,,
2020-10-16_15:45:43,uploads/20201016_154541_SMZ_test/SMZ_test,1.0146209386281588,0.9803613106925676,300.0,0.0,237.03375287076733,330.0,0.9287847262721072,2.9721111240707434,0.7829098766183725,-0.9179603216954956,2.4691437772490854,7.901260087197072,7.380849198902402,-1.1010277929819454,0.18306747128644973,1.4811270760430657,2.289823521621088,4.0,0.1.2,False,True,False,False,False,0.1.1,1.0,False,,,,,,,,,,,,,,,,,,,,,,,,,,,,,,,,,
,,,,,,,,,,,,,,,,,,,,,,,,,,,,,contour selection was failure.,,,,,,,,,,,,,,,,,,,,,,,,,,,,,,,,
2020-10-16_15:47:54,uploads/20201016_154752_alternalia/alternalia,1.03129203539823,0.9751678516751164,259.4,163.7,252.0,307.8,1.9770917557965937,6.3266936185491005,0.8845989994496875,2.323209815425067,1.4820600023236086,4.742592007435547,0.6914897034060684,2.1149570943397604,0.20825272108530649,2.677740263732261,4.145553639900868,19.0,0.1.2,False,False,True,False,False,0.1.1,1.0,False,,,,,,,,,,,,,,,,,,,,,,,,,,,,,,,,,
,,,,,,,,,,,,,,,,,,,,,,,,,,,,,contour selection was failure.,,,,,,,,,,,,,,,,,,,,,,,,,,,,,,,,
,,,,,,,,,,,,,,,,,,,,,,,,,,,,,contour selection was failure.,,,,,,,,,,,,,,,,,,,,,,,,,,,,,,,,
2020-10-16_15:56:32,uploads/20201016_155630_SMZ_test/SMZ_test,1.0146209386281588,0.9803613106925676,300.0,0.0,237.03375287076733,330.0,0.9287847262721072,2.9721111240707434,0.7829098766183725,-0.9179603216954956,2.4691437772490854,7.901260087197072,7.380849198902402,-1.1010277929819454,0.18306747128644973,1.4811270760430657,2.289823521621088,4.0,0.1.2,False,True,False,False,False,0.1.1,1.0,False,,,,,,,,,,,,,,,,,,,,,,,,,,,,,,,,,
2020-10-16_16:00:32,uploads/20201016_160031_SMZ_test/SMZ_test,1.0146209386281588,0.9803613106925676,300.0,0.0,237.03375287076733,330.0,0.9287847262721072,2.9721111240707434,0.7829098766183725,-0.9179603216954956,2.4691437772490854,7.901260087197072,7.380849198902402,-1.1010277929819454,0.18306747128644973,1.4811270760430657,2.289823521621088,4.0,0.1.2,False,True,False,False,False,0.1.1,1.0,False,,,,,,,,,,,,,,,,,,,,,,,,,,,,,,,,,
2020-10-16_16:01:47,uploads/20201016_160145_alternalia/alternalia,1.03129203539823,0.9751678516751164,259.4,163.7,252.0,307.8,1.9770917557965937,6.3266936185491005,0.8845989994496875,2.323209815425067,1.4820600023236086,4.742592007435547,0.6914897034060684,2.1149570943397604,0.20825272108530649,2.677740263732261,4.145553639900868,19.0,0.1.2,False,False,True,False,False,0.1.1,1.0,False,,,,,,,,,,,,,,,,,,,,,,,,,,,,,,,,,
2020-10-16_16:06:23,uploads/20201016_160622_E1657_20201014105124/E1657_吐出画像20201014105124,1.013722868826675,0.9887948291289116,267.4,170.7,225.0355527466716,267.4,1.8936632917913008,6.059722533732161,0.4470354454564481,1.3847492217948678,1.449232943375728,4.63754541880233,0.5041305050182333,0.9634017138832702,0.4213475079115976,1.7010210610000345,1.9192850250403524,8.0,0.1.2,False,False,False,False,False,0.1.1,1.0,False,,,,,,,,,,,,,,,,,,,,,,,,,,,,,,,,,
2020-10-16_16:08:16,uploads/20201016_160815_E1657_20201016134747/E1657_吐出画像20201016134747,1.0465711770824997,0.9838106315569676,269.7,180.7,240.08800469827725,304.0,1.9664254328216328,6.2925613850292255,1.1538677748658597,0.6387848738095223,1.0291507959752828,3.293282547120905,0.3049311989571937,-0.5789853141066692,1.2177701879161915,2.548039953865839,3.5751182917273923,9.0,0.1.2,False,False,True,False,False,0.1.1,1.0,False,,,,,,,,,,,,,,,,,,,,,,,,,,,,,,,,,
2020-10-16_16:12:16,uploads/20201016_161214_SMZ_test/SMZ_test,1.0146209386281588,0.9803613106925676,300.0,0.0,237.03375287076733,330.0,0.9287847262721072,2.9721111240707434,0.7829098766183725,-0.9179603216954956,2.4691437772490854,7.901260087197072,7.380849198902402,-1.1010277929819454,0.18306747128644973,1.4811270760430657,2.289823521621088,4.0,0.1.2,False,True,False,False,False,0.1.1,1.0,False,,,,,,,,,,,,,,,,,,,,,,,,,,,,,,,,,
2020-10-16_16:13:03,uploads/20201016_161301_E1657_20201014105124/E1657_吐出画像20201014105124,1.013722868826675,0.9887948291289116,267.4,170.7,225.0355527466716,267.4,1.8936632917913008,6.059722533732161,0.4470354454564481,1.3847492217948678,1.449232943375728,4.63754541880233,0.5041305050182333,0.9634017138832702,0.4213475079115976,1.7010210610000345,1.9192850250403524,8.0,0.1.2,False,False,False,False,False,0.1.1,1.0,False,,,,,,,,,,,,,,,,,,,,,,,,,,,,,,,,,
2020-10-16_16:14:13,uploads/20201016_161412_E1657_20201014105124/E1657_吐出画像20201014105124,1.013722868826675,0.9887948291289116,267.4,170.7,225.0355527466716,267.4,1.8936632917913008,6.059722533732161,0.4470354454564481,1.3847492217948678,1.449232943375728,4.63754541880233,0.5041305050182333,0.9634017138832702,0.4213475079115976,1.7010210610000345,1.9192850250403524,8.0,0.1.2,False,False,False,False,False,0.1.1,1.0,False,,,,,,,,,,,,,,,,,,,,,,,,,,,,,,,,,
2020-10-16_16:17:39,uploads/20201016_161737_SMZ_test/SMZ_test,1.0146209386281588,0.9803613106925676,300.0,0.0,237.03375287076733,330.0,0.9287847262721072,2.9721111240707434,0.7829098766183725,-0.9179603216954956,2.4691437772490854,7.901260087197072,7.380849198902402,-1.1010277929819454,0.18306747128644973,1.4811270760430657,2.289823521621088,4.0,0.1.2,False,True,False,False,False,0.1.1,1.0,False,,,,,,,,,,,,,,,,,,,,,,,,,,,,,,,,,
,,,,,,,,,,,,,,,,,,,,,,,,,,,,,auto_tracking was failure.,,,,,,,,,,,,,,,,,,,,,,,,,,,,,,,,
2020-10-16_16:21:13,uploads/20201016_162111_SMZ_test/SMZ_test,1.0146209386281588,0.9803613106925676,300.0,0.0,237.03375287076733,330.0,0.9287847262721072,2.9721111240707434,0.7829098766183725,-0.9179603216954956,2.4691437772490854,7.901260087197072,7.380849198902402,-1.1010277929819454,0.18306747128644973,1.4811270760430657,2.289823521621088,4.0,0.1.2,False,True,False,False,False,0.1.1,1.0,False,,,,,,,,,,,,,,,,,,,,,,,,,,,,,,,,,
2020-10-16_16:25:00,uploads/20201016_162459_E1657_20201016140736/E1657_吐出画像20201016140736,1.0134934339986346,0.9869093620361772,269.0,180.7,239.10248848558643,303.6,1.9627602829039992,6.280832905292798,1.1593588289131669,0.5751591852881209,1.0221414117717411,3.2708525176695726,0.30903123287841155,-0.8203451765644953,1.3955043618526162,2.0663954399492748,2.751963663736888,8.0,0.1.2,False,False,False,False,False,0.1.1,1.0,False,,,,,,,,,,,,,,,,,,,,,,,,,,,,,,,,,
2020-10-16_16:27:23,uploads/20201016_162721_E1657_20201016160740/E1657_吐出画像20201016160740,1.0355029585798816,0.9813942792350318,296.4,180.7,269.0376367722553,296.4,2.0450898528094266,6.544287528990167,1.2893956807770766,1.4667421940936407,1.0402388954415631,3.328764465413003,0.4611572777785196,0.629980484227053,0.8367617098665877,2.7993657379951737,3.9392204839808462,13.0,0.1.2,False,False,True,False,False,0.1.1,1.0,False,,,,,,,,,,,,,,,,,,,,,,,,,,,,,,,,,
2020-10-16_16:31:40,uploads/20201016_163138_KC_test/KC_test,1.0054296903154505,0.9761706028502192,200.0,0.0,117.05233872076201,190.0,0.8013846284534354,2.5644308110509932,0.30276925690687084,1.463197046558354,0.04500000000000001,0.14400000000000004,0.06037383539249429,2.851291606805876e-15,1.4631970465583508,0.7701115678215159,1.0,7.0,0.1.2,False,True,False,False,True,0.1.1,1.0,False,,,,,,,,,,,,,,,,,,,,,,,,,,,,,,,,,
2020-10-16_16:32:00,uploads/20201016_163159_E1657_20201014105124/E1657_吐出画像20201014105124,1.013722868826675,0.9887948291289116,267.4,170.7,225.0355527466716,267.4,1.8936632917913008,6.059722533732161,0.4470354454564481,1.3847492217948678,1.449232943375728,4.63754541880233,0.5041305050182333,0.9634017138832702,0.4213475079115976,1.7010210610000345,1.9192850250403524,8.0,0.1.2,False,False,False,False,False,0.1.1,1.0,False,,,,,,,,,,,,,,,,,,,,,,,,,,,,,,,,,
2020-10-16_16:35:00,uploads/20201016_163500_/アルテルナリア_テスト,,,,,,,,,,,,,,,,,,,,,,,,,,,,get_feature_params was failure.,,,,,,,,,,,,,,,,,,,,,,,,,,,,,,,,
2020-10-16_16:38:23,uploads/20201016_163821_KC_test/KC_test,1.0054296903154505,0.9761706028502192,200.0,0.0,117.05233872076201,190.0,0.8013846284534354,2.564430811050993,0.30276925690687084,1.463197046558354,0.04500000000000001,0.14400000000000004,0.06037383539249429,2.851291606805876e-15,1.4631970465583508,0.7701115678215159,1.0,7.0,0.1.2,False,True,False,False,True,0.1.1,1.0,False,,,,,,,,,,,,,,,,,,,,,,,,,,,,,,,,,
2020-10-16_16:50:04,uploads/20201016_165003_E1657_20201014105124/E1657_吐出画像20201014105124,1.013722868826675,0.9887948291289116,267.4,170.7,225.0355527466716,267.4,1.8936632917913008,6.059722533732161,0.4470354454564481,1.3847492217948678,1.449232943375728,4.63754541880233,0.5041305050182333,0.9634017138832702,0.4213475079115976,1.7010210610000345,1.9192850250403524,8.0,0.1.2,False,False,False,False,False,0.1.1,1.0,False,,,,,,,,,,,,,,,,,,,,,,,,,,,,,,,,,
2020-10-16_16:51:45,uploads/20201016_165144_alternalia/alternalia,1.03129203539823,0.9751678516751164,259.4,163.7,252.0,307.8,1.9770917557965937,6.3266936185491005,0.8845989994496875,2.323209815425067,1.4820600023236086,4.742592007435547,0.6914897034060684,2.1149570943397604,0.20825272108530649,2.677740263732261,4.145553639900868,19.0,0.1.2,False,False,True,False,False,0.1.1,1.0,False,,,,,,,,,,,,,,,,,,,,,,,,,,,,,,,,,
2020-10-16_17:18:47,uploads/20201016_171845_SMZ_test/SMZ_test,1.0146209386281588,0.9803613106925676,300.0,0.0,237.03375287076733,330.0,0.9287847262721072,2.9721111240707434,0.7829098766183725,-0.9179603216954956,2.4691437772490854,7.901260087197072,7.380849198902402,-1.1010277929819454,0.18306747128644973,1.4811270760430657,2.289823521621088,4.0,0.1.2,False,True,False,False,False,0.1.1,1.0,False,,,,,,,,,,,,,,,,,,,,,,,,,,,,,,,,,
2020-10-16_17:26:54,uploads/20201016_172653_E1657_20201016140736/E1657_吐出画像20201016140736,1.0134934339986346,0.9869093620361772,269.0,180.7,239.10248848558643,303.6,1.9627602829039992,6.280832905292798,1.1593588289131669,0.5751591852881209,1.0221414117717411,3.2708525176695726,0.30903123287841155,-0.8203451765644953,1.3955043618526162,2.0663954399492748,2.751963663736888,8.0,0.1.2,False,False,False,False,False,0.1.1,1.0,False,,,,,,,,,,,,,,,,,,,,,,,,,,,,,,,,,
2020-10-16_18:03:12,test,,,,,,,,,,,,,,,,,,,,,,,,,,,,get_feature_params was failure.,,,,,,,,,,,,,,,,,,,,,,,,,,,,,,,,
2020-10-16_18:03:17,test3,1.0137874435781702,0.9836935643636388,278.1,163.1,243.08691861142998,296.7,1.7378192324396555,5.561021543806898,0.8713917862015161,0.8976838943181545,1.3481607246012388,4.314114318723965,0.5816701297385751,0.6248821018392708,0.2728017924788837,1.7252162639548487,5.194612888493936,10.0,0.1.2,False,False,False,False,False,0.1.1,1.0,False,,,,,,,,,,,,,,,,,,,,,,,,,,,,,,,,,
2020-10-16_18:03:52,uploads/20201016_180350_E1657_20201016160740/E1657_吐出画像20201016160740,1.0355029585798816,0.9813942792350318,296.4,180.7,269.0376367722553,296.4,2.0450898528094266,6.544287528990167,1.2893956807770766,1.4667421940936407,1.0402388954415631,3.328764465413003,0.4611572777785196,0.629980484227053,0.8367617098665877,2.7993657379951737,3.9392204839808462,13.0,0.1.2,False,False,True,False,False,0.1.1,1.0,False,,,,,,,,,,,,,,,,,,,,,,,,,,,,,,,,,
2020-10-19_10:01:05,demo_data/test2,1.0547945205479452,0.9590585285473708,367.3,167.2,559.0807186802276,382.8,2.548874552486789,8.156398567957725,2.4347475156247715,2.6013870680909945,1.6086403773809832,5.147649207619147,0.8861783579377378,0.07874889886499609,2.5226381692259983,1.682414199138492,4.396917867527236,48.0,0.1.2,False,False,True,True,True,0.1.1,1.0,False,,,,,,,,,,,,,,,,,,,,,,,,,,,,,,,,,
2020-10-19_10:04:13,demo_data/test2,1.0547945205479452,0.9590585285473708,367.3,167.2,559.0807186802276,382.8,2.548874552486789,8.156398567957725,2.4347475156247715,2.6013870680909945,1.6086403773809832,5.147649207619147,0.8861783579377378,0.07874889886499609,2.5226381692259983,1.682414199138492,4.396917867527236,48.0,0.1.2,False,False,True,True,True,0.1.1,1.0,False,,,,,,,,,,,,,,,,,,,,,,,,,,,,,,,,,
2020-10-19_10:14:13,demo_data/test3,1.0137874435781702,0.9836935643636388,278.1,163.1,243.08691861142998,296.7,1.7378192324396555,5.561021543806898,0.8713917862015161,0.8976838943181545,1.3481607246012388,4.314114318723965,0.5816701297385751,0.6248821018392708,0.2728017924788837,1.7252162639548487,5.194612888493936,10.0,0.1.2,False,False,False,False,False,0.1.1,1.0,False,,,,,,,,,,,,,,,,,,,,,,,,,,,,,,,,,
2020-10-19_11:32:42,uploads/T1356_20200625135440/T1356_20200625135440,,,,,,,,,,,,,,,,,,,,,,,,,,,,contour selection was failure.,,,,,,,,,,,,,,,,,,,,,,,,,,,,,,,,
2020-10-19_11:34:46,uploads/T1356_吐出画像20200625135440/T1356_吐出画像20200625135440,1.0153034300791557,0.9713771612634472,313.1,172.9,308.00040584388853,313.1,1.6238631168032374,5.19636197377036,1.3595568781343044,3.1113934807208783,1.8866046864474602,6.037134996631873,0.32679093945419474,2.8805058835589405,0.2308875971619377,3.2250964383972303,3.254393634339664,36.0,0.1.2,False,False,False,False,False,0.1.1,1.0,False,,,,,,,,,,,,,,,,,,,,,,,,,,,,,,,,,
2020-10-19_11:36:47,uploads/T1356_吐出画像20200625135440/T1356_吐出画像20200625135440,1.0153034300791557,0.9713771612634472,313.1,172.9,308.00040584388853,313.1,1.6238631168032374,5.19636197377036,1.3595568781343044,3.1113934807208783,1.88660468644746,6.037134996631873,0.32679093945419474,2.8805058835589405,0.2308875971619377,3.2250964383972303,3.2543936343396638,36.0,0.1.2,False,False,False,False,False,0.1.1,1.0,False,,,,,,,,,,,,,,,,,,,,,,,,,,,,,,,,,
2020-10-19_11:37:49,uploads/T1356_吐出画像20200625135440/T1356_吐出画像20200625135440,1.0153034300791557,0.9713771612634472,313.1,172.9,308.00040584388853,313.1,1.6238631168032374,5.19636197377036,1.3595568781343044,3.1113934807208783,1.8866046864474602,6.037134996631873,0.32679093945419474,2.8805058835589405,0.2308875971619377,3.2250964383972303,3.2543936343396633,36.0,0.1.2,False,False,False,False,False,0.1.1,1.0,False,,,,,,,,,,,,,,,,,,,,,,,,,,,,,,,,,
2020-10-19_11:41:02,uploads/E1657_吐出画像20201014105124/E1657_吐出画像20201014105124,1.013722868826675,0.9887948291289116,267.4,170.7,225.0355527466716,267.4,1.8936632917913008,6.059722533732161,0.4470354454564481,1.3847492217948678,1.449232943375728,4.63754541880233,0.5041305050182333,0.9634017138832702,0.4213475079115976,1.7010210610000345,1.9192850250403524,8.0,0.1.2,False,False,False,False,False,0.1.1,1.0,False,,,,,,,,,,,,,,,,,,,,,,,,,,,,,,,,,
2020-10-19_11:41:44,uploads/SMZ_test/SMZ_test,1.0146209386281588,0.9803613106925676,300.0,0.0,237.03375287076733,330.0,0.9287847262721072,2.9721111240707434,0.7829098766183725,-0.9179603216954956,2.4691437772490854,7.901260087197072,7.380849198902402,-1.1010277929819454,0.18306747128644973,1.4811270760430657,2.289823521621088,4.0,0.1.2,False,True,False,False,False,0.1.1,1.0,False,,,,,,,,,,,,,,,,,,,,,,,,,,,,,,,,,
2020-10-19_11:42:28,uploads/E1657_吐出画像20201014105124/E1657_吐出画像20201014105124,1.013722868826675,0.9887948291289116,267.4,170.7,225.0355527466716,267.4,1.8936632917913008,6.059722533732161,0.4470354454564481,1.3847492217948678,1.449232943375728,4.63754541880233,0.5041305050182333,0.9634017138832702,0.4213475079115976,1.7010210610000345,1.9192850250403524,8.0,0.1.2,False,False,False,False,False,0.1.1,1.0,False,,,,,,,,,,,,,,,,,,,,,,,,,,,,,,,,,
2020-10-19_11:47:07,uploads/E1657_吐出画像20201016140736/E1657_吐出画像20201016140736,1.0134934339986346,0.9869093620361772,269.0,180.7,239.10248848558643,303.6,1.9627602829039992,6.280832905292798,1.1593588289131669,0.5751591852881209,1.0221414117717411,3.2708525176695726,0.30903123287841155,-0.8203451765644953,1.3955043618526162,2.0663954399492748,2.751963663736888,8.0,0.1.2,False,False,False,False,False,0.1.1,1.0,False,,,,,,,,,,,,,,,,,,,,,,,,,,,,,,,,,
2020-10-19_11:48:07,uploads/T1356_吐出画像20200625135440/T1356_吐出画像20200625135440,1.0153034300791557,0.9713771612634472,313.1,172.9,308.00040584388853,313.1,1.6238631168032374,5.19636197377036,1.3595568781343044,3.1113934807208783,1.88660468644746,6.037134996631873,0.32679093945419474,2.8805058835589405,0.2308875971619377,3.2250964383972303,3.2543936343396638,36.0,0.1.2,False,False,False,False,False,0.1.1,1.0,False,,,,,,,,,,,,,,,,,,,,,,,,,,,,,,,,,
2020-10-19_13:31:55,uploads/E1657_吐出画像20201016140736/E1657_吐出画像20201016140736,1.0134934339986346,0.9869093620361772,269.0,180.7,239.10248848558643,303.6,1.9627602829039992,6.280832905292798,1.1593588289131669,0.5751591852881209,1.0221414117717411,3.2708525176695726,0.30903123287841155,-0.8203451765644953,1.3955043618526162,2.0663954399492748,2.751963663736888,8.0,0.1.2,False,False,False,False,False,0.1.1,1.0,False,,,,,,,,,,,,,,,,,,,,,,,,,,,,,,,,,
2020-10-19_14:05:53,uploads/E1657_吐出画像20201014105124/E1657_吐出画像20201014105124,1.013722868826675,0.9887948291289116,267.4,170.7,225.0355527466716,267.4,1.8936632917913008,6.059722533732161,0.4470354454564481,1.3847492217948678,1.449232943375728,4.63754541880233,0.5041305050182333,0.9634017138832702,0.4213475079115976,1.7010210610000345,1.9192850250403524,8.0,0.1.2,False,False,False,False,False,0.1.1,1.0,False,,,,,,,,,,,,,,,,,,,,,,,,,,,,,,,,,
2020-10-19_14:06:36,uploads/E1657_吐出画像20201016134747/E1657_吐出画像20201016134747,1.0465711770824997,0.9838106315569676,269.7,180.7,240.08800469827725,304.0,1.9664254328216328,6.2925613850292255,1.1538677748658597,0.6387848738095223,1.0291507959752828,3.293282547120905,0.3049311989571937,-0.5789853141066692,1.2177701879161915,2.548039953865839,3.5751182917273923,9.0,0.1.2,False,False,True,False,False,0.1.1,1.0,False,,,,,,,,,,,,,,,,,,,,,,,,,,,,,,,,,
2020-10-19_14:17:09,demo_data/test4,1.0237945051864312,0.988818756978694,387.0,157.2,574.0,387.0,2.4839330158059973,7.948585650579193,2.3273176104282403,0.002538533989252861,2.17128164556962,6.948101265822783,0.3306171737984557,0.0,0.002538533989252861,1.5185641202760678,0.0,11.0,0.1.2,False,False,True,True,False,0.1.1,1.0,False,,,,,,,,,,,,,,,,,,,,,,,,,,,,,,,,,
2020-10-19_14:18:03,uploads/E1657_吐出画像20201016160740/E1657_吐出画像20201016160740,1.0355029585798816,0.9813942792350318,296.4,180.7,269.0376367722553,296.4,2.0450898528094266,6.544287528990167,1.2893956807770766,1.4667421940936407,1.0402388954415631,3.328764465413003,0.4611572777785196,0.629980484227053,0.8367617098665877,2.7993657379951737,3.9392204839808462,13.0,0.1.2,False,False,True,False,False,0.1.1,1.0,False,,,,,,,,,,,,,,,,,,,,,,,,,,,,,,,,,
2020-10-19_16:10:14,uploads/E0893_吐出画像20201019143627_side/E0893_吐出画像20201019143627_side,,,,,,,,,,,,,,,,,,,,,,,,,,,,contour selection was failure.,,,,,,,,,,,,,,,,,,,,,,,,,,,,,,,,
2020-10-19_16:26:12,uploads/E0893_吐出画像20201019143627_side/E0893_吐出画像20201019143627_side,,,,,,,,,,,,,,,,,,,,,,,,,,,,contour selection was failure.,,,,,,,,,,,,,,,,,,,,,,,,,,,,,,,,
2020-10-19_16:28:18,uploads/E1657_吐出画像20201016140736/E1657_吐出画像20201016140736,,,,,,,,,,,,,,,,,,,,,,,,,,,,contour selection was failure.,,,,,,,,,,,,,,,,,,,,,,,,,,,,,,,,
2020-10-19_16:30:37,demo_data/test4,,,,,,,,,,,,,,,,,,,,,,,,,,,,contour selection was failure.,,,,,,,,,,,,,,,,,,,,,,,,,,,,,,,,
2020-10-19_16:33:04,demo_data/test2,,,,,,,,,,,,,,,,,,,,,,,,,,,,contour selection was failure.,,,,,,,,,,,,,,,,,,,,,,,,,,,,,,,,
2020-10-19_16:33:47,demo_data/test1,,,,,,,,,,,,,,,,,,,,,,,,,,,,contour selection was failure.,,,,,,,,,,,,,,,,,,,,,,,,,,,,,,,,
2020-10-19_16:34:47,demo_data/test1,,,,,,,,,,,,,,,,,,,,,,,,,,,,contour selection was failure.,,,,,,,,,,,,,,,,,,,,,,,,,,,,,,,,
2020-10-19_16:35:47,uploads/E1657_吐出画像20201016160740/E1657_吐出画像20201016160740,,,,,,,,,,,,,,,,,,,,,,,,,,,,contour selection was failure.,,,,,,,,,,,,,,,,,,,,,,,,,,,,,,,,
2020-10-19_16:55:51,uploads/E1657_吐出画像20201016160740/E1657_吐出画像20201016160740,,,,,,,,,,,,,,,,,,,,,,,,,,,,contour selection was failure.,,,,,,,,,,,,,,,,,,,,,,,,,,,,,,,,
2020-10-19_16:59:33,uploads/E1657_吐出画像20201016140736/E1657_吐出画像20201016140736,,,,,,,,,,,,,,,,,,,,,,,,,,,,contour selection was failure.,,,,,,,,,,,,,,,,,,,,,,,,,,,,,,,,
2020-10-19_17:01:38,uploads/E1657_吐出画像20201016140736/E1657_吐出画像20201016140736,,,,,,,,,,,,,,,,,,,,,,,,,,,,contour selection was failure.,,,,,,,,,,,,,,,,,,,,,,,,,,,,,,,,
2020-10-19_17:06:07,uploads/T1356_吐出画像20200625135440/T1356_吐出画像20200625135440,,,,,,,,,,,,,,,,,,,,,,,,,,,,contour selection was failure.,,,,,,,,,,,,,,,,,,,,,,,,,,,,,,,,
2020-10-19_17:07:35,uploads/E1657_吐出画像20201014105124/E1657_吐出画像20201014105124,,,,,,,,,,,,,,,,,,,,,,,,,,,,contour selection was failure.,,,,,,,,,,,,,,,,,,,,,,,,,,,,,,,,
2020-10-19_17:20:04,uploads/E1657_吐出画像20201016160740/E1657_吐出画像20201016160740,,,,,,,,,,,,,,,,,,,,,,,,,,,,contour selection was failure.,,,,,,,,,,,,,,,,,,,,,,,,,,,,,,,,
2020-10-19_17:26:12,uploads/E1657_吐出画像20201016140736/E1657_吐出画像20201016140736,,,,,,,,,,,,,,,,,,,,,,,,,,,,contour selection was failure.,,,,,,,,,,,,,,,,,,,,,,,,,,,,,,,,
2020-10-19_17:29:04,uploads/E1657_吐出画像20201016134747/E1657_吐出画像20201016134747,,,,,,,,,,,,,,,,,,,,,,,,,,,,contour selection was failure.,,,,,,,,,,,,,,,,,,,,,,,,,,,,,,,,
2020-10-19_17:34:32,uploads/E1657_吐出画像20201016160740/E1657_吐出画像20201016160740,,,,,,,,,,,,,,,,,,,,,,,,,,,,contour selection was failure.,,,,,,,,,,,,,,,,,,,,,,,,,,,,,,,,
2020-10-19_17:36:10,uploads/E1657_吐出画像20201016160740/E1657_吐出画像20201016160740,,,,,,,,,,,,,,,,,,,,,,,,,,,,contour selection was failure.,,,,,,,,,,,,,,,,,,,,,,,,,,,,,,,,
2020-10-19_17:37:20,uploads/E1657_吐出画像20201016160740/E1657_吐出画像20201016160740,,,,,,,,,,,,,,,,,,,,,,,,,,,,contour selection was failure.,,,,,,,,,,,,,,,,,,,,,,,,,,,,,,,,
2020-10-19_17:47:18,uploads/E1657_吐出画像20201016160740/E1657_吐出画像20201016160740,,,,,,,,,,,,,,,,,,,,,,,,,,,,contour selection was failure.,,,,,,,,,,,,,,,,,,,,,,,,,,,,,,,,
2020-10-19_17:49:13,uploads/E1657_吐出画像20201016160740/E1657_吐出画像20201016160740,,,,,,,,,,,,,,,,,,,,,,,,,,,,contour selection was failure.,,,,,,,,,,,,,,,,,,,,,,,,,,,,,,,,
2020-10-19_18:02:56,uploads/E1657_吐出画像20201016134747/E1657_吐出画像20201016134747,,,,,,,,,,,,,,,,,,,,,,,,,,,,contour selection was failure.,,,,,,,,,,,,,,,,,,,,,,,,,,,,,,,,
2020-10-19_18:05:42,uploads/E1657_吐出画像20201016160740/E1657_吐出画像20201016160740,1.0355029585798816,0.9813942792350318,296.4,180.7,269.0376367722553,296.4,2.0450898528094266,6.544287528990167,1.2893956807770766,1.4667421940936407,1.0402388954415631,3.328764465413003,0.4611572777785196,0.629980484227053,0.8367617098665877,2.7993657379951737,3.9392204839808462,13.0,0.1.2,False,False,True,False,False,0.1.1,1.0,False,,,,,,,,,,,,,,,,,,,,,,,,,,,,,,,,,
2020-10-19_18:17:21,uploads/E1657_吐出画像20201016160740/E1657_吐出画像20201016160740,1.0355029585798816,0.9813942792350318,296.4,180.7,269.0376367722553,296.4,2.0450898528094266,6.544287528990167,1.2893956807770766,1.4667421940936407,1.0402388954415631,3.328764465413003,0.4611572777785196,0.629980484227053,0.8367617098665877,2.7993657379951737,3.9392204839808462,13.0,0.1.2,False,False,True,False,False,0.1.1,1.0,False,,,,,,,,,,,,,,,,,,,,,,,,,,,,,,,,,
2020-10-19_18:36:40,demo_data/test4,1.0237945051864312,0.988818756978694,387.0,157.2,574.0,387.0,2.4839330158059973,7.948585650579193,2.3273176104282403,0.002538533989252861,2.17128164556962,6.948101265822783,0.3306171737984557,0.0,0.002538533989252861,1.5185641202760678,0.0,11.0,0.1.2,False,False,True,True,False,0.1.1,1.0,False,,,,,,,,,,,,,,,,,,,,,,,,,,,,,,,,,
2020-10-19_18:42:21,uploads/SMZ_test/SMZ_test,1.0146209386281588,0.9803613106925676,300.0,0.0,237.03375287076733,330.0,0.9287847262721072,2.9721111240707434,0.7829098766183725,-0.9179603216954956,2.4691437772490854,7.901260087197072,7.380849198902402,-1.1010277929819454,0.18306747128644973,1.4811270760430657,2.289823521621088,4.0,0.1.2,False,True,False,False,False,0.1.1,1.0,False,,,,,,,,,,,,,,,,,,,,,,,,,,,,,,,,,
2020-10-19_18:45:06,uploads/alternalia/alternalia,1.03129203539823,0.9751678516751164,259.4,163.7,252.0,307.8,1.9770917557965937,6.3266936185491005,0.8845989994496875,2.323209815425067,1.4820600023236086,4.742592007435547,0.6914897034060684,2.1149570943397604,0.20825272108530649,2.677740263732261,4.145553639900868,19.0,0.1.2,False,False,True,False,False,0.1.1,1.0,False,,,,,,,,,,,,,,,,,,,,,,,,,,,,,,,,,
2020-10-19_18:47:53,uploads/E0893_吐出画像20201019143627_side/E0893_吐出画像20201019143627_side,,,,,,,,,,,,,,,,,,,,,,,,,,,,contour selection was failure.,,,,,,,,,,,,,,,,,,,,,,,,,,,,,,,,
2020-10-19_18:58:32,uploads/E0893_吐出画像20201019143627_side/E0893_吐出画像20201019143627_side,,,,,,,,,,,,,,,,,,,,,,,,,,,,contour selection was failure.,,,,,,,,,,,,,,,,,,,,,,,,,,,,,,,,
2020-10-19_18:59:06,uploads/E1657_吐出画像20201016140736/E1657_吐出画像20201016140736,1.0134934339986346,0.9869093620361772,269.0,180.7,239.10248848558643,303.6,1.9627602829039992,6.280832905292798,1.1593588289131669,0.5751591852881209,1.0221414117717411,3.2708525176695726,0.30903123287841155,-0.8203451765644953,1.3955043618526162,2.0663954399492748,2.751963663736888,8.0,0.1.2,False,False,False,False,False,0.1.1,1.0,False,,,,,,,,,,,,,,,,,,,,,,,,,,,,,,,,,
2020-10-19_19:03:08,uploads/E0893_吐出画像20201019143627/E0893_吐出画像20201019143627,1.0202970858373963,0.9892421608300952,276.7,201.7,215.00523249446744,276.7,1.9157445126035089,6.130382440331228,0.17944026147138914,2.5195932313091984,1.0858373304086912,3.474679457307812,0.3487345013325672,3.5370939441057136,1.0175007127965152,1.453009267960283,13.383700927310144,7.0,0.1.2,False,False,True,False,False,0.1.1,1.0,False,,,,,,,,,,,,,,,,,,,,,,,,,,,,,,,,,
2020-10-20_09:07:02,demo_data/test4,1.0237945051864312,0.988818756978694,387.0,157.2,574.0,387.0,2.4839330158059973,7.948585650579193,2.3273176104282403,0.002538533989252861,2.17128164556962,6.948101265822783,0.3306171737984557,0.0,0.002538533989252861,1.5185641202760678,0.0,11.0,0.1.2,False,False,True,True,False,0.1.1,1.0,False,,,,,,,,,,,,,,,,,,,,,,,,,,,,,,,,,
2020-10-20_09:07:21,uploads/E1657_吐出画像20201014105124/E1657_吐出画像20201014105124,1.013722868826675,0.9887948291289116,267.4,170.7,225.0355527466716,267.4,1.8936632917913008,6.059722533732161,0.4470354454564481,1.3847492217948678,1.449232943375728,4.63754541880233,0.5041305050182333,0.9634017138832702,0.4213475079115976,1.7010210610000345,1.9192850250403524,8.0,0.1.2,False,False,False,False,False,0.1.1,1.0,False,,,,,,,,,,,,,,,,,,,,,,,,,,,,,,,,,
2020-10-20_09:14:51,E1657_吐出画像20201016140736,1.0134934339986346,0.9869093620361772,269.0,180.7,239.10248848558643,303.6,1.9627602829039992,6.280832905292798,1.1593588289131669,0.5751591852881209,1.0221414117717411,3.2708525176695726,0.30903123287841155,-0.8203451765644953,1.3955043618526162,2.0663954399492748,2.751963663736888,8.0,0.1.2,False,False,False,False,False,0.1.1,1.0,False,,,,,,,,,,,,,,,,,,,,,,,,,,,,,,,,,
2020-10-20_09:44:27,E0893_吐出画像20201019143627,1.0202970858373963,0.9892421608300952,276.7,201.7,215.00523249446744,276.7,1.9157445126035089,6.130382440331228,0.17944026147138914,2.5195932313091984,1.0858373304086912,3.474679457307812,0.3487345013325672,3.5370939441057136,1.0175007127965152,1.453009267960283,13.383700927310144,7.0,0.1.2,False,False,True,False,False,0.1.1,1.0,False,,,,,,,,,,,,,,,,,,,,,,,,,,,,,,,,,
2020-10-20_13:01:30,alternalia,1.03129203539823,0.9751678516751164,259.4,163.7,252.0,307.8,1.9770917557965937,6.3266936185491005,0.8845989994496875,2.323209815425067,1.4820600023236086,4.742592007435547,0.6914897034060684,2.1149570943397604,0.20825272108530649,2.677740263732261,4.145553639900868,19.0,0.1.2,False,False,True,False,False,0.1.1,1.0,False,,,,,,,,,,,,,,,,,,,,,,,,,,,,,,,,,
2020-10-20_13:08:35,test4,1.0237945051864312,0.988818756978694,387.0,157.2,574.0,387.0,2.4839330158059973,7.948585650579193,2.3273176104282403,0.002538533989252861,2.17128164556962,6.948101265822783,0.3306171737984557,0.0,0.002538533989252861,1.5185641202760678,0.0,11.0,0.1.2,False,False,True,True,False,0.1.1,1.0,False,,,,,,,,,,,,,,,,,,,,,,,,,,,,,,,,,
2020-10-20_13:08:39,test2,1.0547945205479452,0.9590585285473708,367.3,167.2,559.0807186802276,382.8,2.548874552486789,8.156398567957725,2.4347475156247715,2.6013870680909945,1.6086403773809832,5.147649207619147,0.8861783579377378,0.07874889886499609,2.5226381692259983,1.682414199138492,4.396917867527236,48.0,0.1.2,False,False,True,True,True,0.1.1,1.0,False,,,,,,,,,,,,,,,,,,,,,,,,,,,,,,,,,
2020-10-20_13:09:00,E0893_吐出画像20201019143627,1.0202970858373963,0.9892421608300952,276.7,201.7,215.00523249446744,276.7,1.9157445126035089,6.130382440331228,0.17944026147138914,2.5195932313091984,1.0858373304086912,3.474679457307812,0.3487345013325672,3.5370939441057136,1.0175007127965152,1.453009267960283,13.383700927310144,7.0,0.1.2,False,False,True,False,False,0.1.1,1.0,False,,,,,,,,,,,,,,,,,,,,,,,,,,,,,,,,,
2020-10-20_13:33:10,E1657_吐出画像20201016140736,1.0134934339986346,0.9869093620361772,269.0,180.7,239.10248848558643,303.6,1.9627602829039992,6.280832905292798,1.1593588289131669,0.5751591852881209,1.0221414117717411,3.2708525176695726,0.30903123287841155,-0.8203451765644953,1.3955043618526162,2.0663954399492748,2.751963663736888,8.0,0.1.2,False,False,False,False,False,0.1.1,1.0,False,,,,,,,,,,,,,,,,,,,,,,,,,,,,,,,,,
2020-10-20_13:36:02,test1,1.0153698366954849,0.9877534535583352,274.0,176.3,275.00181817580767,370.7,2.2947916109129203,7.343333154921344,0.8287733977310443,2.5619507812469813,1.2992387919617825,4.157564134277703,0.5576244222021162,1.7806527414596105,0.781298039787371,1.3963031542824922,9.756434775775716,10.0,0.1.2,False,False,False,False,False,0.1.1,1.0,False,,,,,,,,,,,,,,,,,,,,,,,,,,,,,,,,,
2020-10-20_13:36:08,test3,1.0137874435781702,0.9836935643636388,278.1,163.1,243.08691861142998,296.7,1.7378192324396555,5.561021543806898,0.8713917862015161,0.8976838943181545,1.3481607246012388,4.314114318723965,0.5816701297385751,0.6248821018392708,0.2728017924788837,1.7252162639548487,5.194612888493936,10.0,0.1.2,False,False,False,False,False,0.1.1,1.0,False,,,,,,,,,,,,,,,,,,,,,,,,,,,,,,,,,
2020-10-21_11:25:43,SMZ_test,1.0146209386281588,0.9803613106925676,300.0,0.0,,330.0,0.9287847262721072,3.2507465419523762,0.7829098766183725,-0.9179603216954956,2.4691437772490854,8.642003220371798,7.380849198902402,-1.1010277929819454,0.18306747128644973,1.4811270760430657,2.289823521621088,4.0,,False,True,False,False,False,0.1.3,1.0,False,,3.5,0.0.0,237.03375287076733,0.0.0,0.0.0,,,,,,,,,,,,,,,,,,,,,,,,,,,
2020-10-21_11:29:54,SMZ_test,1.0146209386281588,0.9803613106925676,300.0,0.0,,330.0,0.9287847262721072,3.250746541952376,0.7829098766183725,-0.9179603216954956,2.4691437772490854,8.642003220371798,7.380849198902402,-1.1010277929819454,0.18306747128644973,1.4811270760430657,2.289823521621088,4.0,,False,True,False,False,False,0.1.3,1.0,False,,3.5,0.0.0,237.03375287076733,0.0.0,0.0.0,,,,,,,,,,,,,,,,,,,,,,,,,,,
2020-10-21_11:35:52,SMZ_test,1.0146209386281588,0.9803613106925676,340.0,0.0,,360.0,0.9287847262721072,3.2507465419523762,0.7829098766183725,-0.9179603216954956,2.4691437772490854,8.642003220371798,7.380849198902402,-1.1010277929819454,0.18306747128644973,1.4811270760430657,2.289823521621088,4.0,,False,True,False,False,False,0.1.3,1.0,False,,3.5,0.0.0,213.0211257129208,0.0.0,0.0.0,,,,,,,,,,,,,,,,,,,,,,,,,,,
2020-10-21_11:36:37,alternalia,1.03129203539823,0.9751678516751164,259.4,163.7,,307.8,1.9770917557965937,6.919821145288077,0.8845989994496875,2.323209815425067,1.4820600023236086,5.18721000813263,0.6914897034060684,2.1149570943397604,0.20825272108530649,2.677740263732261,4.145553639900868,19.0,,False,False,True,False,False,0.1.3,1.0,False,,3.5,0.0.0,252.0,0.0.0,0.0.0,,,,,,,,,,,,,,,,,,,,,,,,,,,
2020-10-21_11:48:26,KC_test,1.0054296903154505,0.9761706028502192,200.0,0.0,,280.0,0.8013846284534354,2.8048461995870237,0.30276925690687084,1.463197046558354,0.04500000000000001,0.15750000000000006,0.06037383539249429,2.851291606805876e-15,1.4631970465583508,0.7701115678215159,1.0,7.0,,False,True,False,False,True,0.1.3,1.0,False,,3.5,0.0.0,100.49875621120891,0.0.1,0.0.0,False,True,,,,,,,,,,,,,,,,,,,,,,,,,
2020-10-21_11:51:00,SMZ_test,1.0146209386281588,0.9803613106925676,340.0,0.0,,360.0,0.9287847262721072,3.250746541952376,0.7829098766183725,-0.9179603216954956,2.4691437772490854,8.642003220371798,7.380849198902402,-1.1010277929819454,0.18306747128644973,1.4811270760430657,2.289823521621088,4.0,,False,True,False,False,False,0.1.3,1.0,False,,3.5,0.0.0,213.0211257129208,0.0.1,0.0.0,False,True,,,,,,,,,,,,,,,,,,,,,,,,,
2020-10-21_12:02:19,SMZ_test,1.0146209386281588,0.9803613106925676,340.0,0.0,,360.0,0.9287847262721072,3.2507465419523762,0.7829098766183725,-0.9179603216954956,2.4691437772490854,8.642003220371798,7.380849198902402,-1.1010277929819454,0.18306747128644973,1.4811270760430657,2.289823521621088,4.0,,False,True,False,False,False,0.1.3,1.0,False,,3.5,0.0.0,213.0211257129208,0.0.1,0.0.0,False,True,,,,,,,,,,,,,,,,,,,,,,,,,
2020-10-21_12:06:09,SMZ_test,1.0146209386281588,0.9803613106925676,340.0,0.0,,360.0,0.9287847262721072,3.250746541952376,0.7829098766183725,-0.9179603216954956,2.4691437772490854,8.642003220371798,7.380849198902402,-1.1010277929819454,0.18306747128644973,1.4811270760430657,2.289823521621088,4.0,,False,True,False,False,False,0.1.3,1.0,False,,3.5,0.0.0,213.0211257129208,0.0.1,0.0.0,False,True,,,,,,,,,,,,,,,,,,,,,,,,,
2020-10-21_12:09:12,SMZ_test,1.0146209386281588,0.9803613106925676,0.0,360.0,,360.0,0.9287847262721072,3.2507465419523762,0.7829098766183725,-0.9179603216954956,2.4691437772490854,8.642003220371798,7.380849198902402,-1.1010277929819454,0.18306747128644973,1.4811270760430657,2.289823521621088,4.0,,False,True,False,False,False,0.1.3,1.0,False,,3.5,0.0.0,213.0211257129208,0.0.1,0.0.0,True,False,,,,,,,,,,,,,,,,,,,,,,,,,
2020-10-21_13:56:11,uploads/SMZ_test/SMZ_test,,,,,,,,,,,,,,,,,,,,,,,,,,,,auto_tracking was failure.,,,,,,,,,,,,,,,,,,,,,,,,,,,,,,,,
2020-10-21_14:01:48,uploads/SMZ_test/SMZ_test,,,,,,,,,,,,,,,,,,,,,,,,,,,,auto_tracking was failure.,,,,,,,,,,,,,,,,,,,,,,,,,,,,,,,,
2020-10-21_14:03:02,SMZ_test,,,,,,,,,,,,,,,,,,,,,,,,,,,,get_feature_params was failure.,,,,,,,,,,,,,,,,,,,,,,,,,,,,,,,,
2020-10-21_14:14:09,SMZ_test,,,,,,,,,,,,,,,,,,,,,,,,,,,,get_feature_params was failure.,,,,,,,,,,,,,,,,,,,,,,,,,,,,,,,,
2020-10-21_14:22:57,SMZ_test,,,,,,,,,,,,,,,,,,,,,,,,,,,,get_feature_params was failure.,,,,,,,,,,,,,,,,,,,,,,,,,,,,,,,,
2020-10-21_14:25:50,SMZ_test,1.0146209386281588,0.9803613106925676,340.0,160.0,,360.0,0.9287847262721072,3.2507465419523762,0.7829098766183725,-0.9179603216954956,2.4691437772490854,8.642003220371798,7.380849198902402,-1.1010277929819454,0.18306747128644973,1.4811270760430657,2.289823521621088,4.0,,False,True,False,False,False,0.1.3,1.0,False,,3.5,0.0.0,213.0211257129208,0.0.1,0.0.0,True,True,,,,,,,,,,,,,,,,,,,,,,,,,
2020-10-21_14:26:10,alternalia,1.03129203539823,0.9751678516751164,259.4,163.7,,307.8,1.9770917557965937,6.919821145288077,0.8845989994496875,2.323209815425067,1.4820600023236086,5.18721000813263,0.6914897034060684,2.1149570943397604,0.20825272108530649,2.677740263732261,4.145553639900868,19.0,,False,False,True,False,False,0.1.3,1.0,False,,3.5,0.0.0,252.0,0.0.1,0.0.0,True,True,,,,,,,,,,,,,,,,,,,,,,,,,
2020-10-21_15:03:07,T1172_吐出画像20200330102520,1.0123927167722788,0.9815393433247402,322.6,194.0,,376.2,0.6624773676737798,2.3186707868582292,0.3597893641771279,3.7367674420533343,0.4041066983194869,1.414373444118204,0.4830855131181259,8.12817808856071,4.391410646507373,2.285903286152916,36.078248303296704,14.0,,False,True,False,False,True,0.1.3,1.0,False,,,0.0.0,113.18679251573481,0.0.1,0.0.0,True,True,3.5,,,,,,,,,,,,,,,,,,,,,,,,
2020-10-21_15:06:33,T1172_吐出画像20200330102520,1.0123927167722788,0.9815393433247402,322.6,194.0,,376.2,0.6624773676737798,2.318670786858229,0.3597893641771279,3.7367674420533343,0.4041066983194869,1.414373444118204,0.4830855131181259,14.793864952298875,11.05709751024554,2.285903286152916,13.262344368402696,14.0,,False,True,False,False,True,0.1.3,1.0,False,,,0.0.0,113.18679251573481,0.0.1,0.0.0,True,True,3.5,,,,,,,,,,,,,,,,,,,,,,,,
2020-10-21_15:36:57,E0893_吐出画像20201019143627,,,,,,,,,,,,,,,,,,,,,,,,,,,,get_feature_params was failure.,,,,,,,,,,,,,,,,,,,,,,,,,,,,,,,,
2020-10-21_15:40:13,E0893_吐出画像20201019143627,,,,,,,,,,,,,,,,,,,,,,,,,,,,get_feature_params was failure.,,,,,,,,,,,,,,,,,,,,,,,,,,,,,,,,
2020-10-21_15:42:53,E0893_吐出画像20201019143627,,,,,,,,,,,,,,,,,,,,,,,,,,,,get_feature_params was failure.,,,,,,,,,,,,,,,,,,,,,,,,,,,,,,,,
2020-10-21_15:44:28,E0893_吐出画像20201019143627,,,,,,,,,,,,,,,,,,,,,,,,,,,,get_feature_params was failure.,,,,,,,,,,,,,,,,,,,,,,,,,,,,,,,,
2020-10-21_15:48:46,E0893_吐出画像20201019143627,,,,,,,,,,,,,,,,,,,,,,,,,,,,get_feature_params was failure.,,,,,,,,,,,,,,,,,,,,,,,,,,,,,,,,
2020-10-21_15:50:59,E0893_吐出画像20201019143627,,,,,,,,,,,,,,,,,,,,,,,,,,,,get_feature_params was failure.,,,,,,,,,,,,,,,,,,,,,,,,,,,,,,,,
2020-10-21_15:54:28,E0893_吐出画像20201019143627,1.0202970858373963,0.9892421608300952,276.7,201.7,,276.7,1.9157445126035089,6.7051057941122805,0.17944026147138914,2.5195932313091984,1.0858373304086912,3.8004306564304193,0.3487345013325672,4.742139598048987,2.2225463667397887,1.453009267960283,4.431982204680082,7.0,,False,False,True,False,True,0.1.3,1.0,False,,,0.0.0,215.00523249446744,0.0.1,0.0.0,True,True,3.5,,,,,,,,,,,,,,,,,,,,,,,,
2020-10-21_16:00:19,SMZ_test,1.0146209386281588,0.9803613106925676,340.0,160.0,,360.0,0.9287847262721072,3.250746541952376,0.7829098766183725,-0.9179603216954956,2.4691437772490854,8.642003220371798,7.380849198902402,-1.9281278255661127,1.0101675038706175,1.4811270760430657,0.8703137687043352,4.0,,False,True,False,False,False,0.1.3,1.0,False,,,0.0.0,213.0211257129208,0.0.1,0.0.0,True,True,3.5,,,,,,,,,,,,,,,,,,,,,,,,
2020-10-21_16:07:32,E1657_吐出画像20201016140736,1.0134934339986346,0.9869093620361772,269.0,180.7,,303.6,1.9627602829039992,6.869660990163998,1.1593588289131669,0.5751591852881209,1.0221414117717411,3.5774949412010946,0.30903123287841155,-1.3087435026950656,1.8839026879831864,2.0663954399492748,2.5966011173734387,8.0,,False,False,False,False,True,0.1.3,1.0,False,,,0.0.0,239.10248848558643,0.0.1,0.0.0,True,True,3.5,,,,,,,,,,,,,,,,,,,,,,,,
2020-10-21_17:22:53,E1657_吐出画像20201016140736,,,,,,,,,,,,,,,,,,,,,,,,,,,,get_feature_params was failure.,,,,,,,,,,,,,,,,,,,,,,,,,,,,,,,,
2020-10-21_17:25:06,E1657_吐出画像20201016140736,,,,,,,,,,,,,,,,,,,,,,,,,,,,get_feature_params was failure.,,,,,,,,,,,,,,,,,,,,,,,,,,,,,,,,
2020-10-21_17:26:42,E1657_吐出画像20201016140736,,,,,,,,,,,,,,,,,,,,,,,,,,,,get_feature_params was failure.,,,,,,,,,,,,,,,,,,,,,,,,,,,,,,,,
2020-10-21_17:29:10,E1657_吐出画像20201016160740,,,,,,,,,,,,,,,,,,,,,,,,,,,,get_feature_params was failure.,,,,,,,,,,,,,,,,,,,,,,,,,,,,,,,,
2020-10-21_17:49:25,,1.0355029585798816,0.9813942792350318,296.4,180.7,,296.4,2.0450898528094266,7.1578144848329925,1.2893956807770766,1.4667421940936407,1.0402388954415631,3.6408361340454714,0.4611572777785196,1.5792219002900276,0.11247970619638692,2.7993657379951737,3.0939502134099257,13.0,,False,False,,False,False,0.1.3,1.0,,,,0.0.0,269.0376367722553,0.0.1,0.0.0,True,True,3.5,E1657_吐出画像20201016160740,False,True,False,2.8508062419270823,0.3546935888611073,0.11909297462679055,2.1151319745817747,0.2417673899209649,0.3971370852383616,1.668209466081244,0.14825932408201692,,1.8484976643814799,0.5791896325382442,,2.012888841306097,0.2586103785876453,,,,,,
2020-10-21_20:49:04,,1.0202970858373963,0.9892421608300952,276.7,201.7,,276.7,1.9157445126035089,6.7051057941122805,0.17944026147138914,2.5195932313091984,1.0858373304086912,3.8004306564304193,0.3487345013325672,4.742139598048987,2.2225463667397887,1.453009267960283,4.431982204680082,7.0,,False,False,,False,True,0.1.3,1.0,,,,0.0.0,215.00523249446744,0.0.1,0.0.0,True,True,3.5,E0893_吐出画像20201019143627,False,True,False,,,0.19562365100055,1.9421076531754065,0.028908942475157937,0.13173539129071188,1.922157374096741,0.11234793460959527,0.10590418252715686,1.8810634207905788,0.0009021791908187332,0.058603118553134936,1.8817777588211524,0.04623357390068518,0.002776023764031188,,,,,
2020-10-23_10:09:12,,1.0123927167722788,0.9815393433247402,322.6,194.0,,376.2,0.6624773676737798,2.318670786858229,0.3597893641771279,3.7367674420533343,0.4041066983194869,1.414373444118204,0.4830855131181259,14.793864952298875,11.05709751024554,2.285903286152916,13.262344368402696,14.0,,False,True,,False,True,0.1.3,1.0,,,,0.0.0,113.18679251573481,0.0.1,0.0.0,True,True,3.5,T1172_吐出画像20200330102520,False,False,False,0.7857889644785648,0.4359841467891891,0.33388548271845553,0.6235224530151098,0.0228399089055325,0.11354711684795199,0.6399624020797621,0.022162816371923192,0.005000182625052824,0.5946407207430993,0.05806259697096323,,,,,,,,,
2020-10-23_10:12:57,,1.0123927167722788,0.9815393433247402,322.6,194.0,,376.2,0.6624773676737798,2.3186707868582292,0.3597893641771279,3.7367674420533343,0.4041066983194869,1.414373444118204,0.4830855131181259,14.793864952298875,11.05709751024554,2.285903286152916,13.262344368402696,14.0,,False,True,,False,True,0.1.3,1.0,,,,0.0.0,113.18679251573481,0.0.1,0.0.0,True,True,3.5,T1172_吐出画像20200330102520,False,False,False,0.7857889644785648,0.4359841467891891,0.33388548271845553,0.6235224530151098,0.0228399089055325,0.113547116847952,0.6399624020797621,0.022162816371923192,0.005000182625052824,0.5946407207430993,0.05806259697096323,,,,,,,,,
2020-10-23_13:22:28,,1.0153034300791557,0.9713771612634472,313.1,172.9,,313.1,1.6238631168032374,5.683520908811331,1.3595568781343044,3.1113934807208783,1.8866046864474602,6.60311640256611,0.32679093945419474,2.880786889935719,0.2306065907851593,3.2250964383972303,3.2536856000562864,36.0,,False,False,,False,False,0.1.3,1.0,,,,0.0.0,308.00040584388853,0.0.1,0.0.0,True,True,3.5,T1356_吐出画像20200625135440,False,False,False,2.400521682037733,0.1413906225089481,0.03900602935155769,1.86413341020132,0.19563257636656065,0.07001839616449683,1.5166420167259105,0.056101809499536685,0.06804077501342354,1.3504335675122303,0.09519492168327444,0.0,1.2195089913546298,0.022886542724908168,,,,,,
2020-10-26_10:00:42,uploads/SMZ_test/SMZ_test,,,,,,,,,,,,,,,,,,,,,,,,,,,,contour selection was failure.,,,,,,,,,,,,,,,,,,,,,,,,,,,,,,,,
2020-10-26_10:01:38,uploads/T1172_吐出画像20200330102520/T1172_吐出画像20200330102520,,,,,,,,,,,,,,,,,,,,,,,,,,,,contour selection was failure.,,,,,,,,,,,,,,,,,,,,,,,,,,,,,,,,
2020-10-26_10:05:15,uploads/T1172_吐出画像20200330102520/T1172_吐出画像20200330102520,,,,,,,,,,,,,,,,,,,,,,,,,,,,contour selection was failure.,,,,,,,,,,,,,,,,,,,,,,,,,,,,,,,,
2020-10-26_10:05:32,uploads/T1172_吐出画像20200330102520/T1172_吐出画像20200330102520,,,,,,,,,,,,,,,,,,,,,,,,,,,,contour selection was failure.,,,,,,,,,,,,,,,,,,,,,,,,,,,,,,,,
2020-10-26_10:11:46,uploads/T1172_吐出画像20200330102520/T1172_吐出画像20200330102520,,,,,,,,,,,,,,,,,,,,,,,,,,,,contour selection was failure.,,,,,,,,,,,,,,,,,,,,,,,,,,,,,,,,
2020-10-26_10:20:44,uploads/T1172_吐出画像20200330102520/T1172_吐出画像20200330102520,,,,,,,,,,,,,,,,,,,,,,,,,,,,contour selection was failure.,,,,,,,,,,,,,,,,,,,,,,,,,,,,,,,,
2020-10-26_10:22:26,uploads/T1172_吐出画像20200330102520/T1172_吐出画像20200330102520,,,,,,,,,,,,,,,,,,,,,,,,,,,,contour selection was failure.,,,,,,,,,,,,,,,,,,,,,,,,,,,,,,,,
2020-10-26_10:24:00,uploads/T1172_吐出画像20200330102520/T1172_吐出画像20200330102520,,,,,,,,,,,,,,,,,,,,,,,,,,,,contour selection was failure.,,,,,,,,,,,,,,,,,,,,,,,,,,,,,,,,
2020-10-26_10:24:58,uploads/T1172_吐出画像20200330102520/T1172_吐出画像20200330102520,,,,,,,,,,,,,,,,,,,,,,,,,,,,contour selection was failure.,,,,,,,,,,,,,,,,,,,,,,,,,,,,,,,,
2020-10-26_10:30:17,uploads/T1172_吐出画像20200330102520/T1172_吐出画像20200330102520,,,,,,,,,,,,,,,,,,,,,,,,,,,,contour selection was failure.,,,,,,,,,,,,,,,,,,,,,,,,,,,,,,,,
2020-10-26_10:33:36,uploads/T1172_吐出画像20200330102520/T1172_吐出画像20200330102520,,,,,,,,,,,,,,,,,,,,,,,,,,,,contour selection was failure.,,,,,,,,,,,,,,,,,,,,,,,,,,,,,,,,
2020-10-26_10:35:55,uploads/T1172_吐出画像20200330102520/T1172_吐出画像20200330102520,,,,,,,,,,,,,,,,,,,,,,,,,,,,contour selection was failure.,,,,,,,,,,,,,,,,,,,,,,,,,,,,,,,,
2020-10-26_10:37:41,uploads/T1172_吐出画像20200330102520/T1172_吐出画像20200330102520,,,,,,,,,,,,,,,,,,,,,,,,,,,,contour selection was failure.,,,,,,,,,,,,,,,,,,,,,,,,,,,,,,,,
2020-10-26_10:52:48,uploads/T1172_吐出画像20200330102520/T1172_吐出画像20200330102520,,,,,,,,,,,,,,,,,,,,,,,,,,,,contour selection was failure.,,,,,,,,,,,,,,,,,,,,,,,,,,,,,,,,
2020-10-26_10:52:58,uploads/T1172_吐出画像20200330102520/T1172_吐出画像20200330102520,,,,,,,,,,,,,,,,,,,,,,,,,,,,contour selection was failure.,,,,,,,,,,,,,,,,,,,,,,,,,,,,,,,,
2020-10-26_10:55:16,uploads/SMZ_test/SMZ_test,,,,,,,,,,,,,,,,,,,,,,,,,,,,contour selection was failure.,,,,,,,,,,,,,,,,,,,,,,,,,,,,,,,,
2020-10-26_10:57:57,uploads/SMZ_test/SMZ_test,,,,,,,,,,,,,,,,,,,,,,,,,,,,contour selection was failure.,,,,,,,,,,,,,,,,,,,,,,,,,,,,,,,,
2020-10-26_10:58:44,uploads/SMZ_test/SMZ_test,,,,,,,,,,,,,,,,,,,,,,,,,,,,contour selection was failure.,,,,,,,,,,,,,,,,,,,,,,,,,,,,,,,,
2020-10-26_11:00:54,uploads/SMZ_test/SMZ_test,,,,,,,,,,,,,,,,,,,,,,,,,,,,contour selection was failure.,,,,,,,,,,,,,,,,,,,,,,,,,,,,,,,,
2020-10-26_11:01:45,uploads/SMZ_test/SMZ_test,,,,,,,,,,,,,,,,,,,,,,,,,,,,auto_tracking was failure.,,,,,,,,,,,,,,,,,,,,,,,,,,,,,,,,
2020-10-26_11:05:49,uploads/SMZ_test/SMZ_test,,,,,,,,,,,,,,,,,,,,,,,,,,,,auto_tracking was failure.,,,,,,,,,,,,,,,,,,,,,,,,,,,,,,,,
2020-10-26_11:08:13,uploads/SMZ_test/SMZ_test,,,,,,,,,,,,,,,,,,,,,,,,,,,,auto_tracking was failure.,,,,,,,,,,,,,,,,,,,,,,,,,,,,,,,,
2020-10-26_11:09:12,uploads/SMZ_test/SMZ_test,,,,,,,,,,,,,,,,,,,,,,,,,,,,auto_tracking was failure.,,,,,,,,,,,,,,,,,,,,,,,,,,,,,,,,
2020-10-26_11:10:53,uploads/SMZ_test/SMZ_test,,,,,,,,,,,,,,,,,,,,,,,,,,,,auto_tracking was failure.,,,,,,,,,,,,,,,,,,,,,,,,,,,,,,,,
2020-10-26_11:12:37,uploads/SMZ_test/SMZ_test,,,,,,,,,,,,,,,,,,,,,,,,,,,,auto_tracking was failure.,,,,,,,,,,,,,,,,,,,,,,,,,,,,,,,,
2020-10-26_11:14:35,uploads/SMZ_test/SMZ_test,,,,,,,,,,,,,,,,,,,,,,,,,,,,auto_tracking was failure.,,,,,,,,,,,,,,,,,,,,,,,,,,,,,,,,
2020-10-26_11:15:08,SMZ_test,,,,,,,,,,,,,,,,,,,,,,,,,,,,get_feature_params was failure.,,,,,,,,,,,,,,,,,,,,,,,,,,,,,,,,
2020-10-26_11:19:11,SMZ_test,,,,,,,,,,,,,,,,,,,,,,,,,,,,get_feature_params was failure.,,,,,,,,,,,,,,,,,,,,,,,,,,,,,,,,
2020-10-26_11:22:07,SMZ_test,,,,,,,,,,,,,,,,,,,,,,,,,,,,get_feature_params was failure.,,,,,,,,,,,,,,,,,,,,,,,,,,,,,,,,
2020-10-26_11:25:07,SMZ_test,,,,,,,,,,,,,,,,,,,,,,,,,,,,get_feature_params was failure.,,,,,,,,,,,,,,,,,,,,,,,,,,,,,,,,
2020-10-26_11:25:50,T1356_吐出画像20200625135440,,,,,,,,,,,,,,,,,,,,,,,,,,,,get_feature_params was failure.,,,,,,,,,,,,,,,,,,,,,,,,,,,,,,,,
2020-10-26_11:29:05,T1356_吐出画像20200625135440,,,,,,,,,,,,,,,,,,,,,,,,,,,,get_feature_params was failure.,,,,,,,,,,,,,,,,,,,,,,,,,,,,,,,,
2020-10-26_11:30:30,T1356_吐出画像20200625135440,,,,,,,,,,,,,,,,,,,,,,,,,,,,get_feature_params was failure.,,,,,,,,,,,,,,,,,,,,,,,,,,,,,,,,
2020-10-26_11:31:43,T1356_吐出画像20200625135440,,,,,,,,,,,,,,,,,,,,,,,,,,,,get_feature_params was failure.,,,,,,,,,,,,,,,,,,,,,,,,,,,,,,,,
2020-10-26_11:38:36,,1.0153034300791557,0.9713771612634472,313.1,172.9,,313.1,1.6238631168032374,5.683520908811331,1.3595568781343044,3.1113934807208783,1.88660468644746,6.60311640256611,0.32679093945419474,2.880786889935719,0.2306065907851593,3.2250964383972303,3.2536856000562864,36.0,,False,False,,False,False,0.1.3,1.0,,,,0.0.0,308.00040584388853,0.0.1,0.0.0,True,True,3.5,T1356_吐出画像20200625135440,False,False,True,2.400521682037733,0.1413906225089481,0.03900602935155769,1.86413341020132,0.19563257636656065,0.07001839616449683,1.5166420167259105,0.056101809499536685,0.06804077501342354,1.3504335675122303,0.09519492168327444,0.0,1.2195089913546298,0.022886542724908168,,,,,,
2020-10-26_11:39:19,,1.0146209386281588,0.9803613106925676,340.0,160.0,,360.0,0.9287847262721072,3.250746541952376,0.7829098766183725,-0.9179603216954956,2.4691437772490854,8.642003220371798,7.380849198902402,-1.9281278255661127,1.0101675038706175,1.4811270760430657,0.8703137687043352,4.0,,False,True,,False,False,0.1.3,1.0,,,,0.0.0,213.0211257129208,0.0.1,0.0.0,True,True,3.5,SMZ_test,False,False,True,,,,0.994936442020079,0.6681709659426861,0.0,0.8628704855778906,0.4750165339136665,0.2999179542725699,0.9253469547164992,0.07465304528350064,,,,,,,,,
2020-10-26_11:49:39,,1.0146209386281588,0.9803613106925676,340.0,160.0,,360.0,0.9287847262721072,3.2507465419523762,0.7829098766183725,-0.9179603216954956,2.4691437772490854,8.642003220371798,7.380849198902402,-1.9281278255661127,1.0101675038706175,1.4811270760430657,0.8703137687043352,4.0,,False,True,,False,False,0.1.3,1.0,,,,0.0.0,213.0211257129208,0.0.1,0.0.0,True,True,3.5,SMZ_test,False,False,True,,,,0.994936442020079,0.6681709659426861,0.0,0.8628704855778906,0.4750165339136665,0.2999179542725699,0.9253469547164992,0.07465304528350064,,,,,,,,,
2020-10-26_11:50:06,uploads/SMZ_test/SMZ_test,,,,,,,,,,,,,,,,,,,,,,,,,,,,auto_tracking was failure.,,,,,,,,,,,,,,,,,,,,,,,,,,,,,,,,
2020-10-26_11:55:23,uploads/SMZ_test/SMZ_test,,,,,,,,,,,,,,,,,,,,,,,,,,,,contour selection was failure.,,,,,,,,,,,,,,,,,,,,,,,,,,,,,,,,
2020-10-26_11:56:58,uploads/SMZ_test/SMZ_test,,,,,,,,,,,,,,,,,,,,,,,,,,,,contour selection was failure.,,,,,,,,,,,,,,,,,,,,,,,,,,,,,,,,
2020-10-26_11:59:06,uploads/SMZ_test/SMZ_test,,,,,,,,,,,,,,,,,,,,,,,,,,,,contour selection was failure.,,,,,,,,,,,,,,,,,,,,,,,,,,,,,,,,
2020-10-26_12:00:26,,1.0146209386281588,0.9803613106925676,340.0,160.0,,360.0,0.9287847262721072,3.250746541952376,0.7829098766183725,-0.9179603216954956,2.4691437772490854,8.642003220371798,7.380849198902402,-1.9281278255661127,1.0101675038706175,1.4811270760430657,0.8703137687043352,4.0,,False,True,,False,False,0.1.3,1.0,,,,0.0.0,213.0211257129208,0.0.1,0.0.0,True,True,3.5,SMZ_test,False,False,True,,,,0.994936442020079,0.6681709659426861,0.0,0.8628704855778906,0.4750165339136665,0.2999179542725699,0.9253469547164992,0.07465304528350064,,,,,,,,,
2020-10-26_12:01:40,E0893_吐出画像20201019143627,,,,,,,,,,,,,,,,,,,,,,,,,,,,get_feature_params was failure.,,,,,,,,,,,,,,,,,,,,,,,,,,,,,,,,
2020-10-26_12:04:34,,1.0202970858373963,0.9892421608300952,276.7,201.7,,276.7,1.9157445126035089,6.7051057941122805,0.17944026147138914,2.5195932313091984,1.0858373304086912,3.8004306564304193,0.3487345013325672,4.742139598048987,2.2225463667397887,1.453009267960283,4.431982204680082,7.0,,False,False,,False,True,0.1.3,1.0,,,,0.0.0,215.00523249446744,0.0.1,0.0.0,True,True,3.5,E0893_吐出画像20201019143627,False,True,True,,,0.19562365100055,1.9421076531754065,0.028908942475157937,0.13173539129071188,1.922157374096741,0.11234793460959527,0.10590418252715686,1.8810634207905788,0.0009021791908187332,0.058603118553134936,1.8817777588211524,0.04623357390068518,0.002776023764031188,,,,,
2020-10-26_12:05:23,,1.0202970858373963,0.9892421608300952,276.7,201.7,,276.7,1.9157445126035089,6.7051057941122805,0.17944026147138914,2.5195932313091984,1.0858373304086912,3.8004306564304193,0.3487345013325672,4.742139598048987,2.2225463667397887,1.453009267960283,4.431982204680082,7.0,,False,False,,False,True,0.1.3,1.0,,,,0.0.0,215.00523249446744,0.0.1,0.0.0,True,True,3.5,E0893_吐出画像20201019143627,False,True,True,,,0.19562365100055,1.9421076531754065,0.028908942475157937,0.13173539129071188,1.922157374096741,0.11234793460959527,0.10590418252715686,1.8810634207905788,0.0009021791908187332,0.058603118553134936,1.8817777588211524,0.04623357390068518,0.002776023764031188,,,,,
2020-10-26_12:05:49,uploads/E0893_吐出画像20201019143627_side/E0893_吐出画像20201019143627,,,,,,,,,,,,,,,,,,,,,,,,,,,,contour selection was failure.,,,,,,,,,,,,,,,,,,,,,,,,,,,,,,,,
2020-10-26_12:09:47,uploads/E0893_吐出画像20201019143627_side/E0893_吐出画像20201019143627,,,,,,,,,,,,,,,,,,,,,,,,,,,,contour selection was failure.,,,,,,,,,,,,,,,,,,,,,,,,,,,,,,,,
2020-10-26_12:13:07,uploads/E0893_吐出画像20201019143627_side/E0893_吐出画像20201019143627,,,,,,,,,,,,,,,,,,,,,,,,,,,,contour selection was failure.,,,,,,,,,,,,,,,,,,,,,,,,,,,,,,,,
2020-10-26_12:16:13,uploads/E0893_吐出画像20201019143627_side/E0893_吐出画像20201019143627,,,,,,,,,,,,,,,,,,,,,,,,,,,,contour selection was failure.,,,,,,,,,,,,,,,,,,,,,,,,,,,,,,,,
2020-10-26_12:19:34,uploads/E0893_吐出画像20201019143627_side/E0893_吐出画像20201019143627,,,,,,,,,,,,,,,,,,,,,,,,,,,,contour selection was failure.,,,,,,,,,,,,,,,,,,,,,,,,,,,,,,,,
2020-10-26_12:21:37,uploads/E0893_吐出画像20201019143627_side/E0893_吐出画像20201019143627,,,,,,,,,,,,,,,,,,,,,,,,,,,,contour selection was failure.,,,,,,,,,,,,,,,,,,,,,,,,,,,,,,,,
2020-10-26_12:26:14,uploads/E0893_吐出画像20201019143627_side/E0893_吐出画像20201019143627,,,,,,,,,,,,,,,,,,,,,,,,,,,,contour selection was failure.,,,,,,,,,,,,,,,,,,,,,,,,,,,,,,,,
2020-10-26_12:27:29,uploads/E0893_吐出画像20201019143627_side/E0893_吐出画像20201019143627,,,,,,,,,,,,,,,,,,,,,,,,,,,,auto_tracking was failure.,,,,,,,,,,,,,,,,,,,,,,,,,,,,,,,,
2020-10-26_12:28:58,E0893_吐出画像20201019143627,,,,,,,,,,,,,,,,,,,,,,,,,,,,get_feature_params was failure.,,,,,,,,,,,,,,,,,,,,,,,,,,,,,,,,
2020-10-26_12:30:47,,1.0202970858373963,0.9892421608300952,276.7,201.7,,276.7,1.9157445126035089,6.7051057941122805,0.17944026147138914,2.5195932313091984,1.0858373304086912,3.8004306564304193,0.3487345013325672,4.742139598048987,2.2225463667397887,1.453009267960283,4.431982204680082,7.0,,False,False,,False,True,0.1.3,1.0,,,,0.0.0,215.00523249446744,0.0.1,0.0.0,True,True,3.5,E0893_吐出画像20201019143627,False,True,True,,,0.19562365100055,1.9421076531754065,0.028908942475157937,0.13173539129071188,1.922157374096741,0.11234793460959527,0.10590418252715686,1.8810634207905788,0.0009021791908187332,0.058603118553134936,1.8817777588211524,0.04623357390068518,0.002776023764031188,,,,,
2020-10-26_15:23:40,,1.0202970858373963,0.9892421608300952,276.7,201.7,,276.7,1.9157445126035089,6.7051057941122805,0.17944026147138914,2.5195932313091984,1.0858373304086912,3.8004306564304193,0.3487345013325672,4.742139598048987,2.2225463667397887,1.453009267960283,4.431982204680082,7.0,,False,False,,False,True,0.1.3,1.0,,,,0.0.0,215.00523249446744,0.0.1,0.0.0,True,True,3.5,E0893_吐出画像20201019143627,False,True,True,,,0.19562365100055,1.9421076531754065,0.028908942475157937,0.13173539129071188,1.922157374096741,0.11234793460959527,0.10590418252715686,1.8810634207905788,0.0009021791908187332,0.058603118553134936,1.8817777588211524,0.04623357390068518,0.002776023764031188,,,,,
2020-10-26_16:06:32,,1.0202970858373963,0.9892421608300952,276.7,201.7,,276.7,1.9157445126035089,6.7051057941122805,0.17944026147138914,2.5195932313091984,1.0858373304086912,3.8004306564304193,0.3487345013325672,4.742139598048987,2.2225463667397887,1.453009267960283,4.431982204680082,7.0,,False,False,,False,True,0.1.3,1.0,,,,0.0.0,215.00523249446744,0.0.1,0.0.0,True,True,3.5,E0893_吐出画像20201019143627,False,True,True,,,0.19562365100055,1.9421076531754065,0.028908942475157937,0.13173539129071188,1.922157374096741,0.11234793460959527,0.10590418252715686,1.8810634207905788,0.0009021791908187332,0.058603118553134936,1.8817777588211524,0.04623357390068518,0.002776023764031188,,,,,
2020-10-26_18:54:21,test4,,,,,,,,,,,,,,,,,,,,,,,,,,,,get_feature_params was failure.,,,,,,,,,,,,,,,,,,,,,,,,,,,,,,,,
2020-10-26_18:54:42,,1.0123927167722788,0.9815393433247402,322.6,194.0,,376.2,0.6624773676737798,2.3186707868582292,0.3597893641771279,3.7367674420533343,0.4041066983194869,1.414373444118204,0.4830855131181259,14.793864952298875,11.05709751024554,2.285903286152916,13.262344368402696,14.0,,False,True,,False,True,0.1.3,1.0,,,,0.0.0,113.18679251573481,0.0.1,0.0.0,True,True,3.5,T1172_吐出画像20200330102520,False,False,True,0.7857889644785648,0.4359841467891891,0.33388548271845553,0.6235224530151098,0.0228399089055325,0.113547116847952,0.6399624020797621,0.022162816371923192,0.005000182625052824,0.5946407207430993,0.05806259697096323,,,,,aaa,aaa,aaa,aaa,aaa
2020-10-27_09:06:12,,1.0202970858373963,0.9892421608300952,276.7,201.7,,276.7,1.9157445126035089,6.7051057941122805,0.17944026147138914,2.5195932313091984,1.0858373304086912,3.8004306564304193,0.3487345013325672,4.742139598048987,2.2225463667397887,1.453009267960283,4.431982204680082,7.0,,False,False,,False,True,0.1.3,1.0,,,,0.0.0,215.00523249446744,0.0.1,0.0.0,True,True,3.5,E0893_吐出画像20201019143627,False,True,True,,,0.19562365100055,1.9421076531754065,0.028908942475157937,0.13173539129071188,1.922157374096741,0.11234793460959527,0.10590418252715686,1.8810634207905788,0.0009021791908187332,0.058603118553134936,1.8817777588211524,0.04623357390068518,0.002776023764031188,aaa,aaa,aaa,aaa,aaa
2020-10-27_09:07:42,,1.0202970858373963,0.9892421608300952,276.7,201.7,,276.7,1.9157445126035089,6.7051057941122805,0.17944026147138914,2.5195932313091984,1.0858373304086912,3.8004306564304193,0.3487345013325672,4.742139598048987,2.2225463667397887,1.453009267960283,4.431982204680082,7.0,,False,False,,False,True,0.1.3,1.0,,,,0.0.0,215.00523249446744,0.0.1,0.0.0,True,True,3.5,E0893_吐出画像20201019143627,False,True,True,,,0.19562365100055,1.9421076531754065,0.028908942475157937,0.13173539129071188,1.922157374096741,0.11234793460959527,0.10590418252715686,1.8810634207905788,0.0009021791908187332,0.058603118553134936,1.8817777588211524,0.04623357390068518,0.002776023764031188,aaa,aaa,aaa,aaa,aaa
2020-10-27_10:09:45,,1.0202970858373963,0.9892421608300952,276.7,201.7,,276.7,1.9157445126035089,6.7051057941122805,0.17944026147138914,2.5195932313091984,1.0858373304086912,3.8004306564304193,0.3487345013325672,4.742139598048987,2.2225463667397887,1.453009267960283,4.431982204680082,7.0,,False,False,,False,True,0.1.3,1.0,,,,0.0.0,215.00523249446744,0.0.1,0.0.0,True,True,3.5,E0893_吐出画像20201019143627,False,True,True,,,0.19562365100055,1.9421076531754065,0.028908942475157937,0.13173539129071188,1.922157374096741,0.11234793460959527,0.10590418252715686,1.8810634207905788,0.0009021791908187332,0.058603118553134936,1.8817777588211524,0.04623357390068518,0.002776023764031188,aaa,aaa,aaa,aaa,aaa
2020-10-27_10:10:24,,1.0202970858373963,0.9892421608300952,276.7,201.7,,276.7,1.9157445126035089,6.7051057941122805,0.17944026147138914,2.5195932313091984,1.0858373304086912,3.8004306564304193,0.3487345013325672,4.742139598048987,2.2225463667397887,1.453009267960283,4.431982204680082,7.0,,False,False,,False,True,0.1.3,1.0,,,,0.0.0,215.00523249446744,0.0.1,0.0.0,True,True,3.5,E0893_吐出画像20201019143627,False,True,True,,,0.19562365100055,1.9421076531754065,0.028908942475157937,0.13173539129071188,1.922157374096741,0.11234793460959527,0.10590418252715686,1.8810634207905788,0.0009021791908187332,0.058603118553134936,1.8817777588211524,0.04623357390068518,0.002776023764031188,aaa,aaa,aaa,aaa,aaa
2020-10-27_10:19:14,,1.0202970858373963,0.9892421608300952,276.7,201.7,,276.7,1.9157445126035089,6.7051057941122805,0.17944026147138914,2.5195932313091984,1.0858373304086912,3.8004306564304193,0.3487345013325672,4.742139598048987,2.2225463667397887,1.453009267960283,4.431982204680082,7.0,,False,False,,False,True,0.1.3,1.0,,,,0.0.0,215.00523249446744,0.0.1,0.0.0,True,True,3.5,E0893_吐出画像20201019143627,False,True,True,,,0.19562365100055,1.9421076531754065,0.028908942475157937,0.13173539129071188,1.922157374096741,0.11234793460959527,0.10590418252715686,1.8810634207905788,0.0009021791908187332,0.058603118553134936,1.8817777588211524,0.04623357390068518,0.002776023764031188,aaa,aaa,aaa,aaa,aaa
2020-10-27_11:29:36,uploads/E0893_吐出画像20201019143627_side/E0893_吐出画像20201019143627,,,,,,,,,,,,,,,,,,,,,,,,,,,,contour selection was failure.,,,,,,,,,,,,,,,,,,,,,,,,,,,,,,,,
2020-10-27_11:34:15,uploads/SMZ_test/SMZ_test,,,,,,,,,,,,,,,,,,,,,,,,,,,,contour selection was failure.,,,,,,,,,,,,,,,,,,,,,,,,,,,,,,,,
2020-10-27_12:17:40,uploads/E0893_吐出画像20201019143627_side/E0893_吐出画像20201019143627,,,,,,,,,,,,,,,,,,,,,,,,,,,,contour selection was failure.,,,,,,,,,,,,,,,,,,,,,,,,,,,,,,,,
2020-10-27_12:19:44,uploads/E0893_吐出画像20201019143627_side/E0893_吐出画像20201019143627,,,,,,,,,,,,,,,,,,,,,,,,,,,,contour selection was failure.,,,,,,,,,,,,,,,,,,,,,,,,,,,,,,,,
2020-10-27_12:20:34,uploads/E0893_吐出画像20201019143627_side/E0893_吐出画像20201019143627,,,,,,,,,,,,,,,,,,,,,,,,,,,,contour selection was failure.,,,,,,,,,,,,,,,,,,,,,,,,,,,,,,,,
2020-10-27_12:23:34,uploads/E0893_吐出画像20201019143627_side/E0893_吐出画像20201019143627,,,,,,,,,,,,,,,,,,,,,,,,,,,,contour selection was failure.,,,,,,,,,,,,,,,,,,,,,,,,,,,,,,,,
2020-10-27_12:48:23,uploads/E0893_吐出画像20201019143627_side/E0893_吐出画像20201019143627,,,,,,,,,,,,,,,,,,,,,,,,,,,,contour selection was failure.,,,,,,,,,,,,,,,,,,,,,,,,,,,,,,,,
2020-10-27_13:00:08,uploads/E0893_吐出画像20201019143627_side/E0893_吐出画像20201019143627,,,,,,,,,,,,,,,,,,,,,,,,,,,,contour selection was failure.,,,,,,,,,,,,,,,,,,,,,,,,,,,,,,,,
2020-10-27_13:03:17,uploads/E0893_吐出画像20201019143627_side/E0893_吐出画像20201019143627,,,,,,,,,,,,,,,,,,,,,,,,,,,,contour selection was failure.,,,,,,,,,,,,,,,,,,,,,,,,,,,,,,,,
2020-10-27_13:04:24,uploads/E0893_吐出画像20201019143627_side/E0893_吐出画像20201019143627,,,,,,,,,,,,,,,,,,,,,,,,,,,,contour selection was failure.,,,,,,,,,,,,,,,,,,,,,,,,,,,,,,,,
2020-10-27_13:04:55,uploads/E0893_吐出画像20201019143627_side/E0893_吐出画像20201019143627,,,,,,,,,,,,,,,,,,,,,,,,,,,,contour selection was failure.,,,,,,,,,,,,,,,,,,,,,,,,,,,,,,,,
2020-10-27_13:07:21,uploads/E0893_吐出画像20201019143627_side/E0893_吐出画像20201019143627,,,,,,,,,,,,,,,,,,,,,,,,,,,,contour selection was failure.,,,,,,,,,,,,,,,,,,,,,,,,,,,,,,,,
2020-10-27_13:09:28,,1.0202970858373963,0.9892421608300952,276.7,201.7,,215.00523249446744,1.9157445126035089,6.7051057941122805,0.17944026147138914,2.5195932313091984,1.0858373304086912,3.8004306564304193,0.3487345013325672,4.742139598048987,2.2225463667397887,1.453009267960283,4.431982204680082,43.0,,False,False,,False,True,0.1.3,1.0,,,,0.0.0,276.7,0.0.1,0.0.0,True,True,3.5,E0893_吐出画像20201019143627,False,True,True,,,0.19562365100055,1.9421076531754065,0.028908942475157937,0.13173539129071188,1.922157374096741,0.11234793460959527,0.10590418252715686,1.8810634207905788,0.0009021791908187332,0.058603118553134936,1.8817777588211524,0.04623357390068518,0.002776023764031188,aaa,aaa,aaa,aaa,aaa
2020-10-27_13:13:54,E0893_吐出画像20201019143627,,,,,,,,,,,,,,,,,,,,,,,,,,,,get_feature_params was failure.,,,,,,,,,,,,,,,,,,,,,,,,,,,,,,,,
2020-10-27_13:14:20,,1.0202970858373963,0.9892421608300952,276.7,201.7,,215.00523249446744,1.9157445126035089,6.7051057941122805,0.17944026147138914,2.5195932313091984,1.0858373304086912,3.8004306564304193,0.3487345013325672,4.742139598048987,2.2225463667397887,1.453009267960283,4.431982204680082,43.0,,False,False,,False,True,0.1.3,1.0,,,,0.0.0,276.7,0.0.1,0.0.0,True,True,3.5,E0893_吐出画像20201019143627,False,True,False,,,0.19562365100055,1.9421076531754065,0.028908942475157937,0.13173539129071188,1.922157374096741,0.11234793460959527,0.10590418252715686,1.8810634207905788,0.0009021791908187332,0.058603118553134936,1.8817777588211524,0.04623357390068518,0.002776023764031188,aaa,aaa,aaa,aaa,aaa
2020-10-27_15:40:29,uploads/E0893_吐出画像20201019143627_side/E0893_吐出画像20201019143627,,,,,,,,,,,,,,,,,,,,,,,,,,,,contour selection was failure.,,,,,,,,,,,,,,,,,,,,,,,,,,,,,,,,
2020-10-27_15:41:23,E0893_吐出画像20201019143627,,,,,,,,,,,,,,,,,,,,,,,,,,,,get_feature_params was failure.,,,,,,,,,,,,,,,,,,,,,,,,,,,,,,,,
2020-10-27_15:43:21,,1.0202970858373963,0.9892421608300952,276.7,201.7,,215.00523249446744,1.9157445126035089,6.7051057941122805,0.17944026147138914,2.5195932313091984,1.0858373304086912,3.8004306564304193,0.3487345013325672,4.742139598048987,2.2225463667397887,1.453009267960283,4.431982204680082,43.0,,False,False,,False,True,0.1.3,1.0,,,,0.0.0,276.7,0.0.1,0.0.0,True,True,3.5,E0893_吐出画像20201019143627,False,True,False,,,0.19562365100055,1.9421076531754065,0.028908942475157937,0.13173539129071188,1.922157374096741,0.11234793460959527,0.10590418252715686,1.8810634207905788,0.0009021791908187332,0.058603118553134936,1.8817777588211524,0.04623357390068518,0.002776023764031188,aaa,aaa,aaa,aaa,aaa
2020-10-28_09:39:14,,1.0123927167722788,0.9815393433247402,322.6,194.0,,113.18679251573481,0.6624773676737798,2.3186707868582292,0.3597893641771279,3.7367674420533343,0.4041066983194869,1.414373444118204,0.4830855131181259,14.793864952298875,11.05709751024554,2.285903286152916,13.262344368402696,40.0,,False,True,,False,True,0.1.3,1.0,,,,0.0.0,376.2,0.0.1,0.0.0,True,True,3.5,T1172_吐出画像20200330102520,False,False,False,0.7857889644785648,0.4359841467891891,0.33388548271845553,0.6235224530151098,0.0228399089055325,0.113547116847952,0.6399624020797621,0.022162816371923192,0.005000182625052824,0.5946407207430993,0.05806259697096323,,,,,aaa,aaa,aaa,aaa,aaa
2020-10-28_11:33:26,,1.0123927167722788,0.9815393433247402,322.6,194.0,,113.18679251573481,0.6624773676737798,2.318670786858229,0.3597893641771279,3.7367674420533343,0.4041066983194869,1.414373444118204,0.4830855131181259,14.793864952298875,11.05709751024554,2.285903286152916,13.262344368402696,40.0,,False,True,,False,True,0.1.3,1.0,,,,0.0.0,376.2,0.0.1,0.0.0,True,True,3.5,T1172_吐出画像20200330102520,False,False,False,0.7857889644785648,0.4359841467891891,0.33388548271845553,0.6235224530151098,0.0228399089055325,0.11354711684795199,0.6399624020797621,0.022162816371923192,0.005000182625052824,0.5946407207430993,0.05806259697096323,,,,,aaa,aaa,aaa,aaa,aaa
2020-10-28_11:34:09,,1.0146209386281588,0.9803613106925676,340.0,160.0,,213.0211257129208,0.9287847262721072,3.2507465419523762,0.7829098766183725,-0.9179603216954956,2.4691437772490854,8.642003220371798,7.380849198902402,-1.9281278255661127,1.0101675038706175,1.4811270760430657,0.8703137687043352,94.0,,False,True,,False,False,0.1.3,1.0,,,,0.0.0,360.0,0.0.1,0.0.0,True,True,3.5,SMZ_test,False,False,True,,,,0.994936442020079,0.6681709659426861,0.0,0.8628704855778906,0.4750165339136665,0.2999179542725699,0.9253469547164992,0.07465304528350064,,,,,aaa,aaa,aaa,aaa,aaa
2020-10-28_17:23:17,test4,,,,,,,,,,,,,,,,,,,,,,,,,,,,get_feature_params was failure.,,,,,,,,,,,,,,,,,,,,,,,,,,,,,,,,
2020-10-28_17:23:19,test1,,,,,,,,,,,,,,,,,,,,,,,,,,,,get_feature_params was failure.,,,,,,,,,,,,,,,,,,,,,,,,,,,,,,,,
2020-10-28_17:23:53,,1.0123927167722788,0.9815393433247402,322.6,194.0,,113.18679251573481,0.6624773676737798,2.318670786858229,0.3597893641771279,3.7367674420533343,0.4041066983194869,1.414373444118204,0.4830855131181259,14.793864952298875,11.05709751024554,2.285903286152916,13.262344368402696,40.0,,False,True,,False,True,0.1.3,1.0,,,,0.0.0,376.2,0.0.1,0.0.0,True,True,3.5,T1172_吐出画像20200330102520,False,False,False,0.7857889644785648,0.4359841467891891,0.33388548271845553,0.6235224530151098,0.0228399089055325,0.11354711684795199,0.6399624020797621,0.022162816371923192,0.005000182625052824,0.5946407207430993,0.05806259697096323,,,,,aaa,aaa,aaa,aaa,aaa
2020-10-28_17:26:37,test4,,,,,,,,,,,,,,,,,,,,,,,,,,,,get_feature_params was failure.,,,,,,,,,,,,,,,,,,,,,,,,,,,,,,,,
2020-10-28_17:28:48,,1.0237945051864312,0.988818756978694,387.0,157.2,,574.0,2.4839330158059973,8.69376555532099,2.3273176104282403,0.002538533989252861,2.17128164556962,7.599485759493668,0.3306171737984557,0.0,0.002538533989252861,1.5185641202760678,0.0,46.0,,True,False,,True,False,0.1.3,1.0,,,,0.0.0,387.0,0.0.1,0.0.0,True,True,3.5,test4,False,True,False,4.600271731104588,0.0,0.3306171737984557,2.8604862783178664,0.5196254235465493,,2.279529539810155,0.14933685739808955,,2.022003512031645,0.0875210948920575,,1.8873233028069984,0.07293341498742198,,aaa,aaa,aaa,aaa,aaa
2020-10-29_11:26:29,,1.0123927167722788,0.9815393433247402,322.6,194.0,,113.18679251573481,0.6624773676737798,2.3186707868582292,0.3597893641771279,3.7367674420533343,0.4041066983194869,1.414373444118204,0.4830855131181259,14.793864952298875,11.05709751024554,2.285903286152916,13.262344368402696,40.0,,False,True,,False,True,0.1.3,1.0,,,,0.0.0,376.2,0.0.1,0.0.0,True,True,3.5,T1172_吐出画像20200330102520,False,False,False,0.7857889644785648,0.4359841467891891,0.33388548271845553,0.6235224530151098,0.0228399089055325,0.113547116847952,0.6399624020797621,0.022162816371923192,0.005000182625052824,0.5946407207430993,0.05806259697096323,,,,,aaa,aaa,aaa,aaa,aaa
2020-10-29_11:36:17,,1.0146209386281588,0.9803613106925676,340.0,160.0,,213.0211257129208,0.9287847262721072,3.250746541952376,0.7829098766183725,-0.9179603216954956,2.4691437772490854,8.642003220371798,7.380849198902402,-1.9281278255661127,1.0101675038706175,1.4811270760430657,0.8703137687043352,94.0,,False,True,,False,False,0.1.3,1.0,,,,0.0.0,360.0,0.0.1,0.0.0,True,True,3.5,SMZ_test,False,False,True,,,,0.994936442020079,0.6681709659426861,0.0,0.8628704855778906,0.4750165339136665,0.2999179542725699,0.9253469547164992,0.07465304528350064,,,,,aaa,aaa,aaa,aaa,aaa
2020-10-29_16:17:15,,1.013722868826675,0.9887948291289116,267.4,170.7,,225.0355527466716,1.8936632917913008,6.627821521269553,0.4470354454564481,1.3847492217948678,1.449232943375728,5.072315301815048,0.5041305050182333,1.0544839473780292,0.3302652744168386,1.7010210610000345,1.859035795206012,40.0,,False,False,,False,False,0.1.3,1.0,,,,0.0.0,267.4,0.0.1,0.0.0,True,True,3.5,E1657_吐出画像20201014105124,False,False,False,2.201384020202134,0.14253698185867567,0.3556412941806917,1.91739979892763,0.1638549066269506,0.32343469972914674,1.8517861795370416,0.028019591545571543,0.13598538216321665,1.8184027415211264,0.08514844588228421,,1.8127663500785511,0.07651726127767575,,aaa,aaa,aaa,aaa,aaa
2020-10-30_09:59:21,,1.0153034300791557,0.9713771612634472,313.1,172.9,,308.00040584388853,1.6238631168032374,5.683520908811331,1.3595568781343044,3.1113934807208783,1.8866046864474602,6.60311640256611,0.32679093945419474,2.880786889935719,0.2306065907851593,3.2250964383972303,3.2536856000562864,39.0,,False,False,,False,False,0.1.3,1.0,,,,0.0.0,313.1,0.0.1,0.0.0,True,True,3.5,T1356_吐出画像20200625135440,False,False,False,2.400521682037733,0.1413906225089481,0.03900602935155769,1.86413341020132,0.19563257636656065,0.07001839616449683,1.5166420167259105,0.056101809499536685,0.06804077501342354,1.3504335675122303,0.09519492168327444,0.0,1.2195089913546298,0.022886542724908168,,aaa,aaa,aaa,aaa,aaa
2020-10-30_10:27:54,,1.0123927167722788,0.9815393433247402,322.6,194.0,,113.18679251573481,0.6624773676737798,2.3186707868582292,0.3597893641771279,3.7367674420533343,0.4041066983194869,1.414373444118204,0.4830855131181259,14.793864952298875,11.05709751024554,2.285903286152916,13.262344368402696,40.0,,False,True,,False,True,0.1.3,1.0,,,,0.0.0,376.2,0.0.1,0.0.0,True,True,3.5,T1172_吐出画像20200330102520,False,False,False,0.7857889644785648,0.4359841467891891,0.33388548271845553,0.6235224530151098,0.0228399089055325,0.113547116847952,0.6399624020797621,0.022162816371923192,0.005000182625052824,0.5946407207430993,0.05806259697096323,,,,,aaa,aaa,aaa,aaa,aaa
2020-10-30_11:05:19,,1.0239826597678647,0.9883777277749666,272.4,180.0,,239.00209204105306,2.086779901166856,7.3037296540839955,0.8869818177676357,2.302022231192185,1.209590691945333,4.233567421808665,0.4386231733433652,3.8473110136618094,1.5452887824696262,1.0375560480167394,1.2108497310546795,47.0,,False,False,,False,False,0.1.3,1.0,,,,0.0.0,287.4,0.0.1,0.0.0,True,True,3.5,E0893_吐出画像20200327134132,False,True,False,2.9039185122746765,0.4236915719445695,0.23011464400601594,2.100226998696973,0.18355597437789112,0.3137779294338427,1.954887023414872,0.1113973834371954,,1.9527316491674482,0.09561535648416564,,1.9490069031472288,0.07595803145093573,,aaa,aaa,aaa,aaa,aaa
2020-10-30_11:05:56,,1.0229907566974776,0.9831920004068828,272.4,180.0,,240.04218379276588,2.0959055847638965,7.335669546673637,0.8891203424529446,1.8880805022780225,1.2079842916957713,4.227945020935199,0.4719160614909819,2.132489307457114,0.2444088051790918,1.988783709152244,2.3299477855688338,43.0,,False,False,,False,False,0.1.3,2.0,,,,0.0.0,287.4,0.0.1,0.0.0,True,True,3.5,E0893_吐出画像20200327134132,True,True,True,2.735198708607044,0.5407635679908915,0.28694109388133504,2.068403395035131,0.11763451753589295,0.336402116484031,1.972302120996607,0.056828591118224026,,1.9365800184805242,0.0619863274578405,,1.9702647075841329,0.049994345639733664,,aaa,aaa,aaa,aaa,aaa
2020-10-30_11:18:14,,1.0229907566974776,0.9831920004068828,272.4,180.0,,240.04218379276588,2.0959055847638965,7.335669546673637,0.8891203424529446,1.8880805022780225,1.2079842916957713,4.2279450209351985,0.4719160614909819,2.132489307457114,0.2444088051790918,1.988783709152244,2.3299477855688338,43.0,,False,False,,False,False,0.1.3,"[1, 1, 1, 1, 1, 1, 1, 1, 1, 1, 1, 1, 1]",,,,0.0.0,287.4,0.0.1,0.0.0,True,True,3.5,E0893_吐出画像20200327134132,False,True,False,2.735198708607044,0.5407635679908915,0.28694109388133504,2.068403395035131,0.11763451753589295,0.336402116484031,1.972302120996607,0.056828591118224026,,1.936580018480524,0.0619863274578405,,1.9702647075841329,0.049994345639733664,,aaa,aaa,aaa,aaa,aaa
2020-10-30_11:26:50,,1.0229907566974776,0.9831920004068828,272.4,180.0,,240.04218379276588,2.0959055847638965,7.335669546673637,0.8891203424529446,1.8880805022780225,1.2079842916957713,4.227945020935199,0.4719160614909819,2.132489307457114,0.2444088051790918,1.988783709152244,2.3299477855688338,43.0,,False,False,,False,False,0.1.3,1.0,,,,0.0.0,287.4,0.0.1,0.0.0,True,True,3.5,E0893_吐出画像20200327134132,False,True,False,2.735198708607044,0.5407635679908915,0.28694109388133504,2.068403395035131,0.11763451753589295,0.336402116484031,1.972302120996607,0.056828591118224026,,1.9365800184805242,0.0619863274578405,,1.9702647075841329,0.049994345639733664,,aaa,aaa,aaa,aaa,aaa
2020-10-30_18:00:19,,1.0123927167722788,0.9815393433247402,322.6,194.0,,113.18679251573481,0.6624773676737798,2.318670786858229,0.3597893641771279,3.7367674420533343,0.4041066983194869,1.414373444118204,0.4830855131181259,14.793864952298875,11.05709751024554,2.285903286152916,13.262344368402696,40.0,,False,True,,False,True,0.1.3,1.0,,calculation was done.,,0.0.0,376.2,0.0.1,0.0.0,True,True,3.5,T1172_吐出画像20200330102520,False,False,False,0.7857889644785648,0.4359841467891891,0.33388548271845553,0.6235224530151098,0.0228399089055325,0.11354711684795199,0.6399624020797621,0.022162816371923192,0.005000182625052824,0.5946407207430993,0.05806259697096323,-1.0,-1.0,-1.0,-1.0,0,aaa,aaa,aaa,aaa
2020-10-30_19:36:30,,1.0229907566974776,0.9831920004068828,272.4,180.0,,240.04218379276588,2.0959055847638965,7.335669546673637,0.8891203424529446,1.8880805022780225,1.2079842916957713,4.227945020935199,0.4719160614909819,2.132489307457114,0.2444088051790918,1.988783709152244,2.3299477855688338,43.0,,False,False,,False,False,0.1.3,1.0769230769230769,,calculation was done.,,0.0.0,287.4,0.0.1,0.0.0,True,True,3.5,E0893_吐出画像20200327134132,False,True,True,2.735198708607044,0.5407635679908915,0.28694109388133504,2.068403395035131,0.11763451753589295,0.336402116484031,1.972302120996607,0.056828591118224026,-1.0,1.9365800184805242,0.0619863274578405,-1.0,1.9702647075841329,0.049994345639733664,-1.0,2.0,aaa,aaa,aaa,aaa
2020-10-30_19:37:00,,1.0229907566974776,0.9831920004068828,272.4,180.0,,240.04218379276588,2.0959055847638965,7.335669546673637,0.8891203424529446,1.8880805022780225,1.2079842916957713,4.2279450209351985,0.4719160614909819,2.132489307457114,0.2444088051790918,1.988783709152244,2.3299477855688338,43.0,,False,False,,False,False,0.1.3,1.0769230769230769,,calculation was done.,,0.0.0,287.4,0.0.1,0.0.0,True,True,3.5,E0893_吐出画像20200327134132,False,True,True,2.735198708607044,0.5407635679908915,0.28694109388133504,2.068403395035131,0.11763451753589295,0.336402116484031,1.972302120996607,0.056828591118224026,-1.0,1.936580018480524,0.0619863274578405,-1.0,1.9702647075841329,0.049994345639733664,-1.0,2.0,aaa,aaa,aaa,aaa
2020-10-30_19:38:07,,1.0229907566974776,0.9831920004068828,272.4,180.0,,240.04218379276588,2.0959055847638965,7.335669546673638,0.8891203424529446,1.8880805022780223,1.2079842916957713,4.227945020935199,0.4719160614909819,2.132489307457114,0.2444088051790918,1.9887837091522442,2.3299477855688338,43.0,,False,False,,False,False,0.1.3,1.0769230769230769,,calculation was done.,,0.0.0,287.4,0.0.1,0.0.0,True,True,3.5,E0893_吐出画像20200327134132,False,True,True,2.735198708607044,0.5407635679908915,0.28694109388133504,2.068403395035131,0.11763451753589294,0.336402116484031,1.972302120996607,0.056828591118224026,-1.0,1.9365800184805237,0.061986327457840495,-1.0,1.9702647075841326,0.04999434563973366,-1.0,2.0,aaa,aaa,aaa,aaa
